sub_region_1,iso_3166_2_code,place_id,date,retail_and_recreation_percent_change_from_baseline,grocery_and_pharmacy_percent_change_from_baseline,parks_percent_change_from_baseline,transit_stations_percent_change_from_baseline,workplaces_percent_change_from_baseline,residential_percent_change_from_baseline
Piedmont,IT-21,ChIJZ7GdATt0h0cR_zsS8u24x7w,15/02/2020,1,0,23,4,0,-1
Piedmont,IT-21,ChIJZ7GdATt0h0cR_zsS8u24x7w,16/02/2020,1,0,5,7,1,-1
Piedmont,IT-21,ChIJZ7GdATt0h0cR_zsS8u24x7w,17/02/2020,-1,1,3,0,0,0
Piedmont,IT-21,ChIJZ7GdATt0h0cR_zsS8u24x7w,18/02/2020,2,0,22,3,0,0
Piedmont,IT-21,ChIJZ7GdATt0h0cR_zsS8u24x7w,19/02/2020,1,0,15,0,0,0
Piedmont,IT-21,ChIJZ7GdATt0h0cR_zsS8u24x7w,20/02/2020,2,1,23,4,0,0
Piedmont,IT-21,ChIJZ7GdATt0h0cR_zsS8u24x7w,21/02/2020,1,1,25,5,0,0
Piedmont,IT-21,ChIJZ7GdATt0h0cR_zsS8u24x7w,22/02/2020,-3,2,28,5,-3,0
Piedmont,IT-21,ChIJZ7GdATt0h0cR_zsS8u24x7w,23/02/2020,-8,15,17,3,1,0
Piedmont,IT-21,ChIJZ7GdATt0h0cR_zsS8u24x7w,24/02/2020,-6,23,31,-21,-21,5
Piedmont,IT-21,ChIJZ7GdATt0h0cR_zsS8u24x7w,25/02/2020,-10,3,3,-26,-21,7
Piedmont,IT-21,ChIJZ7GdATt0h0cR_zsS8u24x7w,26/02/2020,-14,-7,-12,-29,-19,8
Piedmont,IT-21,ChIJZ7GdATt0h0cR_zsS8u24x7w,27/02/2020,-9,-4,-2,-26,-18,7
Piedmont,IT-21,ChIJZ7GdATt0h0cR_zsS8u24x7w,28/02/2020,-8,-3,24,-22,-17,7
Piedmont,IT-21,ChIJZ7GdATt0h0cR_zsS8u24x7w,29/02/2020,-12,-1,-8,-18,-7,5
Piedmont,IT-21,ChIJZ7GdATt0h0cR_zsS8u24x7w,01/03/2020,-11,-2,3,-14,-3,3
Piedmont,IT-21,ChIJZ7GdATt0h0cR_zsS8u24x7w,02/03/2020,-15,-10,-38,-29,-15,7
Piedmont,IT-21,ChIJZ7GdATt0h0cR_zsS8u24x7w,03/03/2020,-2,1,21,-20,-14,5
Piedmont,IT-21,ChIJZ7GdATt0h0cR_zsS8u24x7w,04/03/2020,-4,1,25,-21,-13,5
Piedmont,IT-21,ChIJZ7GdATt0h0cR_zsS8u24x7w,05/03/2020,-14,-3,-23,-27,-15,7
Piedmont,IT-21,ChIJZ7GdATt0h0cR_zsS8u24x7w,06/03/2020,-13,0,4,-25,-15,8
Piedmont,IT-21,ChIJZ7GdATt0h0cR_zsS8u24x7w,07/03/2020,-15,2,26,-17,-8,5
Piedmont,IT-21,ChIJZ7GdATt0h0cR_zsS8u24x7w,08/03/2020,-34,5,-2,-25,-8,6
Piedmont,IT-21,ChIJZ7GdATt0h0cR_zsS8u24x7w,09/03/2020,-31,-2,-19,-42,-24,12
Piedmont,IT-21,ChIJZ7GdATt0h0cR_zsS8u24x7w,10/03/2020,-43,-7,-21,-51,-30,16
Piedmont,IT-21,ChIJZ7GdATt0h0cR_zsS8u24x7w,11/03/2020,-50,-14,-19,-56,-35,19
Piedmont,IT-21,ChIJZ7GdATt0h0cR_zsS8u24x7w,12/03/2020,-69,-23,-57,-66,-44,24
Piedmont,IT-21,ChIJZ7GdATt0h0cR_zsS8u24x7w,13/03/2020,-73,-26,-51,-69,-50,28
Piedmont,IT-21,ChIJZ7GdATt0h0cR_zsS8u24x7w,14/03/2020,-84,-44,-77,-75,-55,26
Piedmont,IT-21,ChIJZ7GdATt0h0cR_zsS8u24x7w,15/03/2020,-90,-61,-78,-80,-52,22
Piedmont,IT-21,ChIJZ7GdATt0h0cR_zsS8u24x7w,16/03/2020,-73,-35,-58,-73,-56,27
Piedmont,IT-21,ChIJZ7GdATt0h0cR_zsS8u24x7w,17/03/2020,-75,-38,-56,-73,-59,29
Piedmont,IT-21,ChIJZ7GdATt0h0cR_zsS8u24x7w,18/03/2020,-77,-42,-61,-75,-60,30
Piedmont,IT-21,ChIJZ7GdATt0h0cR_zsS8u24x7w,19/03/2020,-77,-41,-65,-76,-61,31
Piedmont,IT-21,ChIJZ7GdATt0h0cR_zsS8u24x7w,20/03/2020,-79,-37,-71,-76,-62,33
Piedmont,IT-21,ChIJZ7GdATt0h0cR_zsS8u24x7w,21/03/2020,-86,-51,-82,-79,-59,26
Piedmont,IT-21,ChIJZ7GdATt0h0cR_zsS8u24x7w,22/03/2020,-94,-82,-91,-86,-59,24
Piedmont,IT-21,ChIJZ7GdATt0h0cR_zsS8u24x7w,23/03/2020,-80,-45,-79,-81,-69,33
Piedmont,IT-21,ChIJZ7GdATt0h0cR_zsS8u24x7w,24/03/2020,-81,-46,-77,-80,-70,34
Piedmont,IT-21,ChIJZ7GdATt0h0cR_zsS8u24x7w,25/03/2020,-82,-49,-80,-81,-70,35
Piedmont,IT-21,ChIJZ7GdATt0h0cR_zsS8u24x7w,26/03/2020,-83,-49,-80,-82,-73,36
Piedmont,IT-21,ChIJZ7GdATt0h0cR_zsS8u24x7w,27/03/2020,-83,-45,-80,-81,-72,38
Piedmont,IT-21,ChIJZ7GdATt0h0cR_zsS8u24x7w,28/03/2020,-87,-54,-83,-80,-62,27
Piedmont,IT-21,ChIJZ7GdATt0h0cR_zsS8u24x7w,29/03/2020,-94,-82,-89,-85,-59,23
Piedmont,IT-21,ChIJZ7GdATt0h0cR_zsS8u24x7w,30/03/2020,-82,-47,-79,-80,-71,34
Piedmont,IT-21,ChIJZ7GdATt0h0cR_zsS8u24x7w,31/03/2020,-90,-42,-77,-79,-71,34
Piedmont,IT-21,ChIJZ7GdATt0h0cR_zsS8u24x7w,01/04/2020,-90,-40,-75,-78,-70,34
Piedmont,IT-21,ChIJZ7GdATt0h0cR_zsS8u24x7w,02/04/2020,-89,-39,-73,-78,-70,35
Piedmont,IT-21,ChIJZ7GdATt0h0cR_zsS8u24x7w,03/04/2020,-85,-36,-74,-78,-70,37
Piedmont,IT-21,ChIJZ7GdATt0h0cR_zsS8u24x7w,04/04/2020,-89,-49,-82,-78,-61,27
Piedmont,IT-21,ChIJZ7GdATt0h0cR_zsS8u24x7w,05/04/2020,-95,-80,-88,-85,-59,23
Piedmont,IT-21,ChIJZ7GdATt0h0cR_zsS8u24x7w,06/04/2020,-82,-38,-73,-77,-67,32
Piedmont,IT-21,ChIJZ7GdATt0h0cR_zsS8u24x7w,07/04/2020,-81,-36,-72,-77,-68,33
Piedmont,IT-21,ChIJZ7GdATt0h0cR_zsS8u24x7w,08/04/2020,-81,-36,-73,-77,-67,33
Piedmont,IT-21,ChIJZ7GdATt0h0cR_zsS8u24x7w,09/04/2020,-80,-31,-72,-77,-67,33
Piedmont,IT-21,ChIJZ7GdATt0h0cR_zsS8u24x7w,10/04/2020,-80,-25,-72,-76,-68,35
Piedmont,IT-21,ChIJZ7GdATt0h0cR_zsS8u24x7w,11/04/2020,-85,-42,-81,-76,-59,26
Piedmont,IT-21,ChIJZ7GdATt0h0cR_zsS8u24x7w,12/04/2020,-96,-90,-90,-86,-61,24
Piedmont,IT-21,ChIJZ7GdATt0h0cR_zsS8u24x7w,13/04/2020,-96,-95,-83,-90,-91,41
Piedmont,IT-21,ChIJZ7GdATt0h0cR_zsS8u24x7w,14/04/2020,-80,-37,-73,-76,-65,31
Piedmont,IT-21,ChIJZ7GdATt0h0cR_zsS8u24x7w,15/04/2020,-80,-37,-73,-76,-64,32
Piedmont,IT-21,ChIJZ7GdATt0h0cR_zsS8u24x7w,16/04/2020,-79,-35,-72,-75,-64,32
Piedmont,IT-21,ChIJZ7GdATt0h0cR_zsS8u24x7w,17/04/2020,-79,-33,-71,-75,-64,34
Piedmont,IT-21,ChIJZ7GdATt0h0cR_zsS8u24x7w,18/04/2020,-85,-51,-80,-76,-55,26
Piedmont,IT-21,ChIJZ7GdATt0h0cR_zsS8u24x7w,19/04/2020,-95,-81,-89,-85,-55,23
Piedmont,IT-21,ChIJZ7GdATt0h0cR_zsS8u24x7w,20/04/2020,-81,-53,-81,-80,-63,31
Piedmont,IT-21,ChIJZ7GdATt0h0cR_zsS8u24x7w,21/04/2020,-80,-48,-78,-78,-63,32
Piedmont,IT-21,ChIJZ7GdATt0h0cR_zsS8u24x7w,22/04/2020,-78,-43,-70,-74,-61,30
Piedmont,IT-21,ChIJZ7GdATt0h0cR_zsS8u24x7w,23/04/2020,-77,-39,-69,-74,-61,31
Piedmont,IT-21,ChIJZ7GdATt0h0cR_zsS8u24x7w,24/04/2020,-76,-29,-65,-72,-60,32
Piedmont,IT-21,ChIJZ7GdATt0h0cR_zsS8u24x7w,25/04/2020,-95,-95,-84,-84,-72,29
Piedmont,IT-21,ChIJZ7GdATt0h0cR_zsS8u24x7w,26/04/2020,-92,-65,-87,-81,-50,22
Piedmont,IT-21,ChIJZ7GdATt0h0cR_zsS8u24x7w,27/04/2020,-74,-38,-72,-74,-59,28
Piedmont,IT-21,ChIJZ7GdATt0h0cR_zsS8u24x7w,28/04/2020,-78,-44,-75,-76,-60,29
Piedmont,IT-21,ChIJZ7GdATt0h0cR_zsS8u24x7w,29/04/2020,-75,-36,-65,-71,-58,28
Piedmont,IT-21,ChIJZ7GdATt0h0cR_zsS8u24x7w,30/04/2020,-72,-26,-68,-71,-58,28
Piedmont,IT-21,ChIJZ7GdATt0h0cR_zsS8u24x7w,01/05/2020,-95,-94,-79,-88,-88,44
Piedmont,IT-21,ChIJZ7GdATt0h0cR_zsS8u24x7w,02/05/2020,-80,-40,-73,-71,-50,24
Piedmont,IT-21,ChIJZ7GdATt0h0cR_zsS8u24x7w,03/05/2020,-91,-69,-79,-77,-44,21
Piedmont,IT-21,ChIJZ7GdATt0h0cR_zsS8u24x7w,04/05/2020,-61,-28,-15,-58,-46,19
Piedmont,IT-21,ChIJZ7GdATt0h0cR_zsS8u24x7w,05/05/2020,-62,-29,-17,-58,-47,21
Piedmont,IT-21,ChIJZ7GdATt0h0cR_zsS8u24x7w,06/05/2020,-63,-30,-19,-58,-46,21
Piedmont,IT-21,ChIJZ7GdATt0h0cR_zsS8u24x7w,07/05/2020,-62,-29,-14,-58,-46,21
Piedmont,IT-21,ChIJZ7GdATt0h0cR_zsS8u24x7w,08/05/2020,-63,-26,-19,-58,-46,23
Piedmont,IT-21,ChIJZ7GdATt0h0cR_zsS8u24x7w,09/05/2020,-67,-34,-24,-52,-36,16
Piedmont,IT-21,ChIJZ7GdATt0h0cR_zsS8u24x7w,10/05/2020,-79,-59,-52,-62,-27,15
Piedmont,IT-21,ChIJZ7GdATt0h0cR_zsS8u24x7w,11/05/2020,-62,-36,-47,-62,-45,21
Piedmont,IT-21,ChIJZ7GdATt0h0cR_zsS8u24x7w,12/05/2020,-58,-27,-19,-55,-43,20
Piedmont,IT-21,ChIJZ7GdATt0h0cR_zsS8u24x7w,13/05/2020,-65,-36,-62,-65,-44,22
Piedmont,IT-21,ChIJZ7GdATt0h0cR_zsS8u24x7w,14/05/2020,-58,-25,-16,-55,-43,19
Piedmont,IT-21,ChIJZ7GdATt0h0cR_zsS8u24x7w,15/05/2020,-60,-25,-26,-57,-43,22
Piedmont,IT-21,ChIJZ7GdATt0h0cR_zsS8u24x7w,16/05/2020,-66,-33,-53,-57,-32,17
Piedmont,IT-21,ChIJZ7GdATt0h0cR_zsS8u24x7w,17/05/2020,-72,-54,-23,-53,-21,13
Piedmont,IT-21,ChIJZ7GdATt0h0cR_zsS8u24x7w,18/05/2020,-42,-22,16,-46,-38,15
Piedmont,IT-21,ChIJZ7GdATt0h0cR_zsS8u24x7w,19/05/2020,-45,-18,-1,-48,-39,16
Piedmont,IT-21,ChIJZ7GdATt0h0cR_zsS8u24x7w,20/05/2020,-43,-18,28,-46,-38,15
Piedmont,IT-21,ChIJZ7GdATt0h0cR_zsS8u24x7w,21/05/2020,-43,-15,19,-45,-38,16
Piedmont,IT-21,ChIJZ7GdATt0h0cR_zsS8u24x7w,22/05/2020,-46,-14,21,-45,-37,17
Piedmont,IT-21,ChIJZ7GdATt0h0cR_zsS8u24x7w,23/05/2020,-44,-20,-2,-36,-19,9
Piedmont,IT-21,ChIJZ7GdATt0h0cR_zsS8u24x7w,24/05/2020,-45,-36,30,-29,-7,5
Piedmont,IT-21,ChIJZ7GdATt0h0cR_zsS8u24x7w,25/05/2020,-34,-19,28,-43,-36,13
Piedmont,IT-21,ChIJZ7GdATt0h0cR_zsS8u24x7w,26/05/2020,-34,-15,28,-43,-35,13
Piedmont,IT-21,ChIJZ7GdATt0h0cR_zsS8u24x7w,27/05/2020,-34,-14,26,-43,-34,13
Piedmont,IT-21,ChIJZ7GdATt0h0cR_zsS8u24x7w,28/05/2020,-34,-14,25,-42,-35,13
Piedmont,IT-21,ChIJZ7GdATt0h0cR_zsS8u24x7w,29/05/2020,-36,-11,16,-42,-35,15
Piedmont,IT-21,ChIJZ7GdATt0h0cR_zsS8u24x7w,30/05/2020,-36,-16,25,-27,-14,6
Piedmont,IT-21,ChIJZ7GdATt0h0cR_zsS8u24x7w,31/05/2020,-40,-30,22,-27,-1,5
Piedmont,IT-21,ChIJZ7GdATt0h0cR_zsS8u24x7w,01/06/2020,-16,2,74,-35,-49,12
Piedmont,IT-21,ChIJZ7GdATt0h0cR_zsS8u24x7w,02/06/2020,-35,-41,129,-48,-75,18
Piedmont,IT-21,ChIJZ7GdATt0h0cR_zsS8u24x7w,03/06/2020,-34,-13,-7,-40,-33,12
Piedmont,IT-21,ChIJZ7GdATt0h0cR_zsS8u24x7w,04/06/2020,-35,-12,-36,-44,-35,14
Piedmont,IT-21,ChIJZ7GdATt0h0cR_zsS8u24x7w,05/06/2020,-26,-10,42,-34,-32,11
Piedmont,IT-21,ChIJZ7GdATt0h0cR_zsS8u24x7w,06/06/2020,-27,-15,29,-23,-12,4
Piedmont,IT-21,ChIJZ7GdATt0h0cR_zsS8u24x7w,07/06/2020,-39,-29,-29,-38,-4,6
Piedmont,IT-21,ChIJZ7GdATt0h0cR_zsS8u24x7w,08/06/2020,-32,-22,-25,-44,-33,12
Piedmont,IT-21,ChIJZ7GdATt0h0cR_zsS8u24x7w,09/06/2020,-29,-17,-19,-43,-33,12
Piedmont,IT-21,ChIJZ7GdATt0h0cR_zsS8u24x7w,10/06/2020,-23,-12,10,-38,-31,10
Piedmont,IT-21,ChIJZ7GdATt0h0cR_zsS8u24x7w,11/06/2020,-25,-14,-22,-43,-32,12
Piedmont,IT-21,ChIJZ7GdATt0h0cR_zsS8u24x7w,12/06/2020,-26,-12,-2,-40,-32,11
Piedmont,IT-21,ChIJZ7GdATt0h0cR_zsS8u24x7w,13/06/2020,-30,-17,-14,-32,-11,6
Piedmont,IT-21,ChIJZ7GdATt0h0cR_zsS8u24x7w,14/06/2020,-20,-24,59,-12,6,-1
Piedmont,IT-21,ChIJZ7GdATt0h0cR_zsS8u24x7w,15/06/2020,-19,-16,34,-34,-30,8
Piedmont,IT-21,ChIJZ7GdATt0h0cR_zsS8u24x7w,16/06/2020,-21,-13,11,-37,-30,9
Piedmont,IT-21,ChIJZ7GdATt0h0cR_zsS8u24x7w,17/06/2020,-22,-13,-2,-38,-30,10
Piedmont,IT-21,ChIJZ7GdATt0h0cR_zsS8u24x7w,18/06/2020,-18,-11,17,-35,-30,9
Piedmont,IT-21,ChIJZ7GdATt0h0cR_zsS8u24x7w,19/06/2020,-16,-8,60,-29,-30,7
Piedmont,IT-21,ChIJZ7GdATt0h0cR_zsS8u24x7w,20/06/2020,-20,-13,55,-17,-7,0
Piedmont,IT-21,ChIJZ7GdATt0h0cR_zsS8u24x7w,21/06/2020,-22,-26,56,-12,6,-4
Piedmont,IT-21,ChIJZ7GdATt0h0cR_zsS8u24x7w,22/06/2020,-17,-14,47,-32,-31,6
Piedmont,IT-21,ChIJZ7GdATt0h0cR_zsS8u24x7w,23/06/2020,-14,-9,57,-29,-30,6
Piedmont,IT-21,ChIJZ7GdATt0h0cR_zsS8u24x7w,24/06/2020,-13,-13,62,-37,-35,7
Piedmont,IT-21,ChIJZ7GdATt0h0cR_zsS8u24x7w,25/06/2020,-16,-9,37,-31,-29,7
Piedmont,IT-21,ChIJZ7GdATt0h0cR_zsS8u24x7w,26/06/2020,-19,-9,46,-29,-30,7
Piedmont,IT-21,ChIJZ7GdATt0h0cR_zsS8u24x7w,27/06/2020,-23,-16,25,-21,-9,1
Piedmont,IT-21,ChIJZ7GdATt0h0cR_zsS8u24x7w,28/06/2020,-22,-24,44,-12,9,-4
Piedmont,IT-21,ChIJZ7GdATt0h0cR_zsS8u24x7w,29/06/2020,-15,-12,45,-31,-29,5
Piedmont,IT-21,ChIJZ7GdATt0h0cR_zsS8u24x7w,30/06/2020,-12,-8,48,-30,-28,6
Piedmont,IT-21,ChIJZ7GdATt0h0cR_zsS8u24x7w,01/07/2020,-14,-8,18,-33,-27,6
Piedmont,IT-21,ChIJZ7GdATt0h0cR_zsS8u24x7w,02/07/2020,-14,-9,35,-29,-28,6
Piedmont,IT-21,ChIJZ7GdATt0h0cR_zsS8u24x7w,03/07/2020,-22,-13,10,-33,-29,7
Piedmont,IT-21,ChIJZ7GdATt0h0cR_zsS8u24x7w,04/07/2020,-18,-12,52,-16,-8,-2
Piedmont,IT-21,ChIJZ7GdATt0h0cR_zsS8u24x7w,05/07/2020,-21,-23,49,-12,6,-6
Piedmont,IT-21,ChIJZ7GdATt0h0cR_zsS8u24x7w,06/07/2020,-15,-12,45,-30,-30,4
Piedmont,IT-21,ChIJZ7GdATt0h0cR_zsS8u24x7w,07/07/2020,-11,-7,50,-29,-29,4
Piedmont,IT-21,ChIJZ7GdATt0h0cR_zsS8u24x7w,08/07/2020,-13,-10,50,-30,-27,4
Piedmont,IT-21,ChIJZ7GdATt0h0cR_zsS8u24x7w,09/07/2020,-13,-10,50,-28,-27,4
Piedmont,IT-21,ChIJZ7GdATt0h0cR_zsS8u24x7w,10/07/2020,-18,-11,37,-29,-29,5
Piedmont,IT-21,ChIJZ7GdATt0h0cR_zsS8u24x7w,11/07/2020,-20,-14,39,-18,-7,-1
Piedmont,IT-21,ChIJZ7GdATt0h0cR_zsS8u24x7w,12/07/2020,-20,-21,41,-11,8,-5
Piedmont,IT-21,ChIJZ7GdATt0h0cR_zsS8u24x7w,13/07/2020,-14,-11,44,-30,-29,4
Piedmont,IT-21,ChIJZ7GdATt0h0cR_zsS8u24x7w,14/07/2020,-12,-10,49,-30,-28,4
Piedmont,IT-21,ChIJZ7GdATt0h0cR_zsS8u24x7w,15/07/2020,-12,-10,32,-31,-26,5
Piedmont,IT-21,ChIJZ7GdATt0h0cR_zsS8u24x7w,16/07/2020,-10,-10,52,-28,-27,3
Piedmont,IT-21,ChIJZ7GdATt0h0cR_zsS8u24x7w,17/07/2020,-15,-11,52,-28,-28,4
Piedmont,IT-21,ChIJZ7GdATt0h0cR_zsS8u24x7w,18/07/2020,-17,-14,46,-16,-7,-2
Piedmont,IT-21,ChIJZ7GdATt0h0cR_zsS8u24x7w,19/07/2020,-20,-23,47,-9,10,-6
Piedmont,IT-21,ChIJZ7GdATt0h0cR_zsS8u24x7w,20/07/2020,-14,-14,46,-30,-30,3
Piedmont,IT-21,ChIJZ7GdATt0h0cR_zsS8u24x7w,21/07/2020,-12,-11,49,-30,-29,4
Piedmont,IT-21,ChIJZ7GdATt0h0cR_zsS8u24x7w,22/07/2020,-15,-13,28,-33,-27,4
Piedmont,IT-21,ChIJZ7GdATt0h0cR_zsS8u24x7w,23/07/2020,-12,-11,53,-28,-27,3
Piedmont,IT-21,ChIJZ7GdATt0h0cR_zsS8u24x7w,24/07/2020,-16,-12,41,-29,-28,4
Piedmont,IT-21,ChIJZ7GdATt0h0cR_zsS8u24x7w,25/07/2020,-18,-16,52,-15,-7,-3
Piedmont,IT-21,ChIJZ7GdATt0h0cR_zsS8u24x7w,26/07/2020,-19,-23,42,-10,9,-6
Piedmont,IT-21,ChIJZ7GdATt0h0cR_zsS8u24x7w,27/07/2020,-12,-12,50,-28,-30,3
Piedmont,IT-21,ChIJZ7GdATt0h0cR_zsS8u24x7w,28/07/2020,-12,-11,45,-30,-29,4
Piedmont,IT-21,ChIJZ7GdATt0h0cR_zsS8u24x7w,29/07/2020,-12,-11,47,-31,-29,3
Piedmont,IT-21,ChIJZ7GdATt0h0cR_zsS8u24x7w,30/07/2020,-12,-13,40,-30,-30,3
Piedmont,IT-21,ChIJZ7GdATt0h0cR_zsS8u24x7w,31/07/2020,-16,-14,50,-29,-31,3
Piedmont,IT-21,ChIJZ7GdATt0h0cR_zsS8u24x7w,01/08/2020,-23,-20,23,-22,-12,-3
Piedmont,IT-21,ChIJZ7GdATt0h0cR_zsS8u24x7w,02/08/2020,-23,-21,9,-18,4,-4
Piedmont,IT-21,ChIJZ7GdATt0h0cR_zsS8u24x7w,03/08/2020,-14,-12,8,-34,-37,5
Piedmont,IT-21,ChIJZ7GdATt0h0cR_zsS8u24x7w,04/08/2020,-7,-8,63,-29,-36,3
Piedmont,IT-21,ChIJZ7GdATt0h0cR_zsS8u24x7w,05/08/2020,-9,-12,65,-32,-36,3
Piedmont,IT-21,ChIJZ7GdATt0h0cR_zsS8u24x7w,06/08/2020,-10,-12,63,-31,-37,3
Piedmont,IT-21,ChIJZ7GdATt0h0cR_zsS8u24x7w,07/08/2020,-18,-15,56,-33,-38,4
Piedmont,IT-21,ChIJZ7GdATt0h0cR_zsS8u24x7w,08/08/2020,-26,-23,36,-23,-17,-3
Piedmont,IT-21,ChIJZ7GdATt0h0cR_zsS8u24x7w,09/08/2020,-27,-28,28,-18,2,-6
Piedmont,IT-21,ChIJZ7GdATt0h0cR_zsS8u24x7w,10/08/2020,-17,-14,62,-37,-54,6
Piedmont,IT-21,ChIJZ7GdATt0h0cR_zsS8u24x7w,11/08/2020,-14,-12,81,-37,-54,6
Piedmont,IT-21,ChIJZ7GdATt0h0cR_zsS8u24x7w,12/08/2020,-19,-16,53,-40,-54,7
Piedmont,IT-21,ChIJZ7GdATt0h0cR_zsS8u24x7w,13/08/2020,-17,-10,51,-38,-55,7
Piedmont,IT-21,ChIJZ7GdATt0h0cR_zsS8u24x7w,14/08/2020,-22,0,73,-36,-58,7
Piedmont,IT-21,ChIJZ7GdATt0h0cR_zsS8u24x7w,15/08/2020,-53,-64,43,-33,-50,-4
Piedmont,IT-21,ChIJZ7GdATt0h0cR_zsS8u24x7w,16/08/2020,-35,-30,-1,-24,-5,-4
Piedmont,IT-21,ChIJZ7GdATt0h0cR_zsS8u24x7w,17/08/2020,-21,-11,38,-39,-59,8
Piedmont,IT-21,ChIJZ7GdATt0h0cR_zsS8u24x7w,18/08/2020,-19,-13,81,-38,-55,7
Piedmont,IT-21,ChIJZ7GdATt0h0cR_zsS8u24x7w,19/08/2020,-21,-16,75,-40,-55,7
Piedmont,IT-21,ChIJZ7GdATt0h0cR_zsS8u24x7w,20/08/2020,-22,-18,69,-39,-55,7
Piedmont,IT-21,ChIJZ7GdATt0h0cR_zsS8u24x7w,21/08/2020,-27,-19,59,-40,-54,8
Piedmont,IT-21,ChIJZ7GdATt0h0cR_zsS8u24x7w,22/08/2020,-32,-29,30,-28,-25,-2
Piedmont,IT-21,ChIJZ7GdATt0h0cR_zsS8u24x7w,23/08/2020,-29,-27,16,-21,5,-5
Piedmont,IT-21,ChIJZ7GdATt0h0cR_zsS8u24x7w,24/08/2020,-18,-13,35,-37,-44,5
Piedmont,IT-21,ChIJZ7GdATt0h0cR_zsS8u24x7w,25/08/2020,-16,-12,56,-36,-42,5
Piedmont,IT-21,ChIJZ7GdATt0h0cR_zsS8u24x7w,26/08/2020,-16,-14,50,-37,-40,5
Piedmont,IT-21,ChIJZ7GdATt0h0cR_zsS8u24x7w,27/08/2020,-16,-15,52,-34,-40,4
Piedmont,IT-21,ChIJZ7GdATt0h0cR_zsS8u24x7w,28/08/2020,-24,-17,10,-38,-40,7
Piedmont,IT-21,ChIJZ7GdATt0h0cR_zsS8u24x7w,29/08/2020,-26,-20,-18,-32,-20,2
Piedmont,IT-21,ChIJZ7GdATt0h0cR_zsS8u24x7w,30/08/2020,-21,-23,9,-21,2,-2
Piedmont,IT-21,ChIJZ7GdATt0h0cR_zsS8u24x7w,31/08/2020,-11,-10,37,-31,-34,4
Piedmont,IT-21,ChIJZ7GdATt0h0cR_zsS8u24x7w,01/09/2020,-9,-8,51,-29,-32,4
Piedmont,IT-21,ChIJZ7GdATt0h0cR_zsS8u24x7w,02/09/2020,-13,-10,22,-33,-31,5
Piedmont,IT-21,ChIJZ7GdATt0h0cR_zsS8u24x7w,03/09/2020,-10,-10,46,-28,-31,3
Piedmont,IT-21,ChIJZ7GdATt0h0cR_zsS8u24x7w,04/09/2020,-14,-13,52,-27,-31,3
Piedmont,IT-21,ChIJZ7GdATt0h0cR_zsS8u24x7w,05/09/2020,-16,-16,47,-17,-16,-3
Piedmont,IT-21,ChIJZ7GdATt0h0cR_zsS8u24x7w,06/09/2020,-16,-19,31,-12,0,-4
Piedmont,IT-21,ChIJZ7GdATt0h0cR_zsS8u24x7w,07/09/2020,-11,-9,20,-29,-32,4
Piedmont,IT-21,ChIJZ7GdATt0h0cR_zsS8u24x7w,08/09/2020,-8,-8,50,-25,-31,3
Piedmont,IT-21,ChIJZ7GdATt0h0cR_zsS8u24x7w,09/09/2020,-9,-9,47,-27,-28,3
Piedmont,IT-21,ChIJZ7GdATt0h0cR_zsS8u24x7w,10/09/2020,-8,-8,45,-24,-29,2
Piedmont,IT-21,ChIJZ7GdATt0h0cR_zsS8u24x7w,11/09/2020,-12,-9,31,-25,-30,2
Piedmont,IT-21,ChIJZ7GdATt0h0cR_zsS8u24x7w,12/09/2020,-11,-11,50,-11,-14,-4
Piedmont,IT-21,ChIJZ7GdATt0h0cR_zsS8u24x7w,13/09/2020,-13,-15,45,-7,0,-6
Piedmont,IT-21,ChIJZ7GdATt0h0cR_zsS8u24x7w,14/09/2020,-6,-6,47,-21,-28,2
Piedmont,IT-21,ChIJZ7GdATt0h0cR_zsS8u24x7w,15/09/2020,-6,-4,51,-19,-26,1
Piedmont,IT-21,ChIJZ7GdATt0h0cR_zsS8u24x7w,16/09/2020,-8,-6,45,-19,-25,2
Piedmont,IT-21,ChIJZ7GdATt0h0cR_zsS8u24x7w,17/09/2020,-7,-7,47,-18,-26,1
Piedmont,IT-21,ChIJZ7GdATt0h0cR_zsS8u24x7w,18/09/2020,-10,-9,55,-15,-26,1
Piedmont,IT-21,ChIJZ7GdATt0h0cR_zsS8u24x7w,19/09/2020,-12,-11,31,-11,-12,-2
Piedmont,IT-21,ChIJZ7GdATt0h0cR_zsS8u24x7w,20/09/2020,-11,-14,19,-7,2,-2
Piedmont,IT-21,ChIJZ7GdATt0h0cR_zsS8u24x7w,21/09/2020,-9,-8,27,-19,-28,3
Piedmont,IT-21,ChIJZ7GdATt0h0cR_zsS8u24x7w,22/09/2020,-12,-8,1,-23,-27,5
Piedmont,IT-21,ChIJZ7GdATt0h0cR_zsS8u24x7w,23/09/2020,-10,-2,28,-19,-23,3
Piedmont,IT-21,ChIJZ7GdATt0h0cR_zsS8u24x7w,24/09/2020,-13,-5,8,-19,-24,4
Piedmont,IT-21,ChIJZ7GdATt0h0cR_zsS8u24x7w,25/09/2020,-14,-6,11,-18,-24,4
Piedmont,IT-21,ChIJZ7GdATt0h0cR_zsS8u24x7w,26/09/2020,-12,-8,22,-10,-10,0
Piedmont,IT-21,ChIJZ7GdATt0h0cR_zsS8u24x7w,27/09/2020,-13,-15,26,-5,0,0
Piedmont,IT-21,ChIJZ7GdATt0h0cR_zsS8u24x7w,28/09/2020,-11,-5,26,-17,-22,3
Piedmont,IT-21,ChIJZ7GdATt0h0cR_zsS8u24x7w,29/09/2020,-9,-1,33,-16,-22,3
Piedmont,IT-21,ChIJZ7GdATt0h0cR_zsS8u24x7w,30/09/2020,-9,-2,28,-17,-22,3
Piedmont,IT-21,ChIJZ7GdATt0h0cR_zsS8u24x7w,01/10/2020,-10,1,14,-16,-19,3
Piedmont,IT-21,ChIJZ7GdATt0h0cR_zsS8u24x7w,02/10/2020,-24,-13,-33,-23,-22,7
Piedmont,IT-21,ChIJZ7GdATt0h0cR_zsS8u24x7w,03/10/2020,-13,-5,13,-8,-13,1
Piedmont,IT-21,ChIJZ7GdATt0h0cR_zsS8u24x7w,04/10/2020,-19,-16,-5,-12,-5,2
Piedmont,IT-21,ChIJZ7GdATt0h0cR_zsS8u24x7w,05/10/2020,-13,-4,5,-16,-21,4
Piedmont,IT-21,ChIJZ7GdATt0h0cR_zsS8u24x7w,06/10/2020,-11,-1,15,-15,-21,3
Piedmont,IT-21,ChIJZ7GdATt0h0cR_zsS8u24x7w,07/10/2020,-11,-2,21,-17,-18,3
Piedmont,IT-21,ChIJZ7GdATt0h0cR_zsS8u24x7w,08/10/2020,-11,-2,26,-16,-18,3
Piedmont,IT-21,ChIJZ7GdATt0h0cR_zsS8u24x7w,09/10/2020,-13,-2,23,-14,-19,4
Piedmont,IT-21,ChIJZ7GdATt0h0cR_zsS8u24x7w,10/10/2020,-14,-7,19,-10,-9,1
Piedmont,IT-21,ChIJZ7GdATt0h0cR_zsS8u24x7w,11/10/2020,-17,-14,15,-9,-4,2
Piedmont,IT-21,ChIJZ7GdATt0h0cR_zsS8u24x7w,12/10/2020,-14,-5,18,-18,-19,4
Piedmont,IT-21,ChIJZ7GdATt0h0cR_zsS8u24x7w,13/10/2020,-12,-2,21,-18,-19,4
Piedmont,IT-21,ChIJZ7GdATt0h0cR_zsS8u24x7w,14/10/2020,-14,-2,4,-21,-17,5
Piedmont,IT-21,ChIJZ7GdATt0h0cR_zsS8u24x7w,15/10/2020,-19,-6,-27,-25,-19,7
Piedmont,IT-21,ChIJZ7GdATt0h0cR_zsS8u24x7w,16/10/2020,-16,0,14,-17,-18,6
Piedmont,IT-21,ChIJZ7GdATt0h0cR_zsS8u24x7w,17/10/2020,-17,-5,19,-13,-10,3
Piedmont,IT-21,ChIJZ7GdATt0h0cR_zsS8u24x7w,18/10/2020,-21,-16,8,-16,-7,4
Piedmont,IT-21,ChIJZ7GdATt0h0cR_zsS8u24x7w,19/10/2020,-19,-6,-2,-23,-19,7
Piedmont,IT-21,ChIJZ7GdATt0h0cR_zsS8u24x7w,20/10/2020,-18,-3,0,-23,-19,6
Piedmont,IT-21,ChIJZ7GdATt0h0cR_zsS8u24x7w,21/10/2020,-18,-3,-6,-25,-18,7
Piedmont,IT-21,ChIJZ7GdATt0h0cR_zsS8u24x7w,22/10/2020,-18,-2,-8,-24,-19,7
Piedmont,IT-21,ChIJZ7GdATt0h0cR_zsS8u24x7w,23/10/2020,-21,-2,-14,-28,-21,9
Piedmont,IT-21,ChIJZ7GdATt0h0cR_zsS8u24x7w,24/10/2020,-26,-8,17,-21,-12,6
Piedmont,IT-21,ChIJZ7GdATt0h0cR_zsS8u24x7w,25/10/2020,-38,-26,-10,-31,-10,6
Piedmont,IT-21,ChIJZ7GdATt0h0cR_zsS8u24x7w,26/10/2020,-27,-11,-30,-34,-24,11
Piedmont,IT-21,ChIJZ7GdATt0h0cR_zsS8u24x7w,27/10/2020,-21,0,14,-29,-25,9
Piedmont,IT-21,ChIJZ7GdATt0h0cR_zsS8u24x7w,28/10/2020,-22,-2,7,-32,-24,10
Piedmont,IT-21,ChIJZ7GdATt0h0cR_zsS8u24x7w,29/10/2020,-24,-2,2,-32,-25,10
Piedmont,IT-21,ChIJZ7GdATt0h0cR_zsS8u24x7w,30/10/2020,-27,0,11,-30,-26,11
Piedmont,IT-21,ChIJZ7GdATt0h0cR_zsS8u24x7w,31/10/2020,-33,-4,11,-27,-19,8
Piedmont,IT-21,ChIJZ7GdATt0h0cR_zsS8u24x7w,01/11/2020,-45,-29,-6,-35,-18,8
Piedmont,IT-21,ChIJZ7GdATt0h0cR_zsS8u24x7w,02/11/2020,-23,-6,-2,-37,-28,11
Piedmont,IT-21,ChIJZ7GdATt0h0cR_zsS8u24x7w,03/11/2020,-25,-4,-7,-37,-28,12
Piedmont,IT-21,ChIJZ7GdATt0h0cR_zsS8u24x7w,04/11/2020,-17,7,-13,-36,-27,11
Piedmont,IT-21,ChIJZ7GdATt0h0cR_zsS8u24x7w,05/11/2020,-18,11,4,-35,-28,11
Piedmont,IT-21,ChIJZ7GdATt0h0cR_zsS8u24x7w,06/11/2020,-61,-23,-41,-56,-36,21
Piedmont,IT-21,ChIJZ7GdATt0h0cR_zsS8u24x7w,07/11/2020,-68,-29,-49,-62,-34,20
Piedmont,IT-21,ChIJZ7GdATt0h0cR_zsS8u24x7w,08/11/2020,-79,-54,-50,-67,-38,19
Piedmont,IT-21,ChIJZ7GdATt0h0cR_zsS8u24x7w,09/11/2020,-54,-21,-25,-53,-35,18
Piedmont,IT-21,ChIJZ7GdATt0h0cR_zsS8u24x7w,10/11/2020,-52,-16,-24,-52,-36,18
Piedmont,IT-21,ChIJZ7GdATt0h0cR_zsS8u24x7w,11/11/2020,-52,-16,-28,-53,-35,18
Piedmont,IT-21,ChIJZ7GdATt0h0cR_zsS8u24x7w,12/11/2020,-53,-16,-37,-54,-36,19
Piedmont,IT-21,ChIJZ7GdATt0h0cR_zsS8u24x7w,13/11/2020,-54,-13,-34,-54,-36,21
Piedmont,IT-21,ChIJZ7GdATt0h0cR_zsS8u24x7w,14/11/2020,-62,-23,-41,-58,-32,19
Piedmont,IT-21,ChIJZ7GdATt0h0cR_zsS8u24x7w,15/11/2020,-77,-50,-56,-66,-38,19
Piedmont,IT-21,ChIJZ7GdATt0h0cR_zsS8u24x7w,16/11/2020,-50,-18,-25,-52,-35,17
Piedmont,IT-21,ChIJZ7GdATt0h0cR_zsS8u24x7w,17/11/2020,-49,-15,-22,-51,-35,17
Piedmont,IT-21,ChIJZ7GdATt0h0cR_zsS8u24x7w,18/11/2020,-50,-16,-23,-52,-34,18
Piedmont,IT-21,ChIJZ7GdATt0h0cR_zsS8u24x7w,19/11/2020,-49,-14,-23,-50,-34,18
Piedmont,IT-21,ChIJZ7GdATt0h0cR_zsS8u24x7w,20/11/2020,-51,-12,-22,-51,-34,19
Piedmont,IT-21,ChIJZ7GdATt0h0cR_zsS8u24x7w,21/11/2020,-58,-20,-43,-57,-30,18
Piedmont,IT-21,ChIJZ7GdATt0h0cR_zsS8u24x7w,22/11/2020,-72,-44,-41,-62,-35,17
Piedmont,IT-21,ChIJZ7GdATt0h0cR_zsS8u24x7w,23/11/2020,-47,-18,-26,-51,-33,16
Piedmont,IT-21,ChIJZ7GdATt0h0cR_zsS8u24x7w,24/11/2020,-46,-14,-22,-50,-33,17
Piedmont,IT-21,ChIJZ7GdATt0h0cR_zsS8u24x7w,25/11/2020,-47,-14,-25,-51,-32,17
Piedmont,IT-21,ChIJZ7GdATt0h0cR_zsS8u24x7w,26/11/2020,-47,-13,-25,-50,-32,17
Piedmont,IT-21,ChIJZ7GdATt0h0cR_zsS8u24x7w,27/11/2020,-48,-10,-28,-50,-32,18
Piedmont,IT-21,ChIJZ7GdATt0h0cR_zsS8u24x7w,28/11/2020,-56,-18,-53,-56,-27,18
Piedmont,IT-21,ChIJZ7GdATt0h0cR_zsS8u24x7w,29/11/2020,-62,-35,-34,-52,-28,15
Piedmont,IT-21,ChIJZ7GdATt0h0cR_zsS8u24x7w,30/11/2020,-38,-13,-30,-46,-30,14
Piedmont,IT-21,ChIJZ7GdATt0h0cR_zsS8u24x7w,01/12/2020,-38,-7,-31,-46,-30,15
Piedmont,IT-21,ChIJZ7GdATt0h0cR_zsS8u24x7w,02/12/2020,-43,-15,-47,-50,-30,17
Piedmont,IT-21,ChIJZ7GdATt0h0cR_zsS8u24x7w,03/12/2020,-38,-3,-32,-45,-28,15
Piedmont,IT-21,ChIJZ7GdATt0h0cR_zsS8u24x7w,04/12/2020,-50,-20,-46,-49,-32,19
Piedmont,IT-21,ChIJZ7GdATt0h0cR_zsS8u24x7w,05/12/2020,-50,-12,-54,-49,-25,16
Piedmont,IT-21,ChIJZ7GdATt0h0cR_zsS8u24x7w,06/12/2020,-59,-28,-41,-50,-24,15
Piedmont,IT-21,ChIJZ7GdATt0h0cR_zsS8u24x7w,07/12/2020,-30,5,-27,-48,-50,19
Piedmont,IT-21,ChIJZ7GdATt0h0cR_zsS8u24x7w,08/12/2020,-58,-39,-33,-67,-79,32
Piedmont,IT-21,ChIJZ7GdATt0h0cR_zsS8u24x7w,09/12/2020,-33,-1,-32,-44,-26,13
Piedmont,IT-21,ChIJZ7GdATt0h0cR_zsS8u24x7w,10/12/2020,-33,0,-24,-41,-26,14
Piedmont,IT-21,ChIJZ7GdATt0h0cR_zsS8u24x7w,11/12/2020,-38,-2,-30,-43,-26,15
Piedmont,IT-21,ChIJZ7GdATt0h0cR_zsS8u24x7w,12/12/2020,-43,-6,-26,-41,-17,13
Piedmont,IT-21,ChIJZ7GdATt0h0cR_zsS8u24x7w,13/12/2020,-32,-15,3,-26,-10,8
Piedmont,IT-21,ChIJZ7GdATt0h0cR_zsS8u24x7w,14/12/2020,-18,-4,-16,-38,-25,10
Piedmont,IT-21,ChIJZ7GdATt0h0cR_zsS8u24x7w,15/12/2020,-17,2,-14,-36,-26,11
Piedmont,IT-21,ChIJZ7GdATt0h0cR_zsS8u24x7w,16/12/2020,-18,3,-17,-36,-24,11
Piedmont,IT-21,ChIJZ7GdATt0h0cR_zsS8u24x7w,17/12/2020,-17,6,-8,-33,-24,10
Piedmont,IT-21,ChIJZ7GdATt0h0cR_zsS8u24x7w,18/12/2020,-20,6,-8,-31,-24,11
Piedmont,IT-21,ChIJZ7GdATt0h0cR_zsS8u24x7w,19/12/2020,-27,0,-12,-25,-15,8
Piedmont,IT-21,ChIJZ7GdATt0h0cR_zsS8u24x7w,20/12/2020,-37,-13,-37,-32,-7,8
Piedmont,IT-21,ChIJZ7GdATt0h0cR_zsS8u24x7w,21/12/2020,-8,10,-16,-36,-25,10
Piedmont,IT-21,ChIJZ7GdATt0h0cR_zsS8u24x7w,22/12/2020,-7,22,-1,-33,-26,9
Piedmont,IT-21,ChIJZ7GdATt0h0cR_zsS8u24x7w,23/12/2020,0,42,-2,-32,-31,9
Piedmont,IT-21,ChIJZ7GdATt0h0cR_zsS8u24x7w,24/12/2020,-46,16,-35,-60,-63,24
Piedmont,IT-21,ChIJZ7GdATt0h0cR_zsS8u24x7w,25/12/2020,-89,-89,-61,-83,-86,34
Piedmont,IT-21,ChIJZ7GdATt0h0cR_zsS8u24x7w,26/12/2020,-84,-78,-42,-72,-65,22
Piedmont,IT-21,ChIJZ7GdATt0h0cR_zsS8u24x7w,27/12/2020,-71,-32,-58,-63,-26,15
Piedmont,IT-21,ChIJZ7GdATt0h0cR_zsS8u24x7w,28/12/2020,-33,-3,-21,-50,-50,20
Piedmont,IT-21,ChIJZ7GdATt0h0cR_zsS8u24x7w,29/12/2020,-27,13,-13,-46,-47,17
Piedmont,IT-21,ChIJZ7GdATt0h0cR_zsS8u24x7w,30/12/2020,-21,36,-7,-43,-46,16
Piedmont,IT-21,ChIJZ7GdATt0h0cR_zsS8u24x7w,31/12/2020,-48,12,-31,-61,-64,24
Piedmont,IT-21,ChIJZ7GdATt0h0cR_zsS8u24x7w,01/01/2021,-90,-92,-65,-84,-87,34
Piedmont,IT-21,ChIJZ7GdATt0h0cR_zsS8u24x7w,02/01/2021,-73,-44,-73,-71,-50,23
Piedmont,IT-21,ChIJZ7GdATt0h0cR_zsS8u24x7w,03/01/2021,-74,-45,-66,-65,-26,16
Piedmont,IT-21,ChIJZ7GdATt0h0cR_zsS8u24x7w,04/01/2021,-28,7,-39,-49,-47,18
Piedmont,IT-21,ChIJZ7GdATt0h0cR_zsS8u24x7w,05/01/2021,-47,3,-46,-58,-51,21
Piedmont,IT-21,ChIJZ7GdATt0h0cR_zsS8u24x7w,06/01/2021,-73,-55,-36,-73,-80,32
Piedmont,IT-21,ChIJZ7GdATt0h0cR_zsS8u24x7w,07/01/2021,-25,-1,-24,-44,-29,13
Piedmont,IT-21,ChIJZ7GdATt0h0cR_zsS8u24x7w,08/01/2021,-27,-2,-9,-41,-28,14
Piedmont,IT-21,ChIJZ7GdATt0h0cR_zsS8u24x7w,09/01/2021,-51,-14,-39,-49,-23,15
Piedmont,IT-21,ChIJZ7GdATt0h0cR_zsS8u24x7w,10/01/2021,-64,-38,-41,-54,-19,13
Piedmont,IT-21,ChIJZ7GdATt0h0cR_zsS8u24x7w,11/01/2021,-25,-8,-22,-42,-24,11
Piedmont,IT-21,ChIJZ7GdATt0h0cR_zsS8u24x7w,12/01/2021,-26,-6,-20,-41,-25,11
Piedmont,IT-21,ChIJZ7GdATt0h0cR_zsS8u24x7w,13/01/2021,-27,-7,-18,-42,-24,10
Piedmont,IT-21,ChIJZ7GdATt0h0cR_zsS8u24x7w,14/01/2021,-30,-10,-19,-43,-27,10
Piedmont,IT-21,ChIJZ7GdATt0h0cR_zsS8u24x7w,15/01/2021,-33,-11,-26,-42,-28,11
Piedmont,IT-21,ChIJZ7GdATt0h0cR_zsS8u24x7w,16/01/2021,-40,-15,-22,-41,-22,9
Piedmont,IT-21,ChIJZ7GdATt0h0cR_zsS8u24x7w,17/01/2021,-67,-40,-45,-57,-24,12
Piedmont,IT-21,ChIJZ7GdATt0h0cR_zsS8u24x7w,18/01/2021,-41,-17,-28,-42,-28,10
Piedmont,IT-21,ChIJZ7GdATt0h0cR_zsS8u24x7w,19/01/2021,-40,-13,-23,-42,-28,10
Piedmont,IT-21,ChIJZ7GdATt0h0cR_zsS8u24x7w,20/01/2021,-41,-13,-30,-43,-26,11
Piedmont,IT-21,ChIJZ7GdATt0h0cR_zsS8u24x7w,21/01/2021,-43,-13,-36,-43,-27,12
Piedmont,IT-21,ChIJZ7GdATt0h0cR_zsS8u24x7w,22/01/2021,-47,-17,-44,-44,-28,14
Piedmont,IT-21,ChIJZ7GdATt0h0cR_zsS8u24x7w,23/01/2021,-49,-12,-26,-43,-21,11
Piedmont,IT-21,ChIJZ7GdATt0h0cR_zsS8u24x7w,24/01/2021,-61,-35,-19,-49,-21,10
Piedmont,IT-21,ChIJZ7GdATt0h0cR_zsS8u24x7w,25/01/2021,-38,-13,-17,-40,-26,10
Piedmont,IT-21,ChIJZ7GdATt0h0cR_zsS8u24x7w,26/01/2021,-37,-10,-10,-39,-26,10
Piedmont,IT-21,ChIJZ7GdATt0h0cR_zsS8u24x7w,27/01/2021,-38,-10,-20,-40,-25,11
Piedmont,IT-21,ChIJZ7GdATt0h0cR_zsS8u24x7w,28/01/2021,-38,-8,-18,-39,-25,11
Piedmont,IT-21,ChIJZ7GdATt0h0cR_zsS8u24x7w,29/01/2021,-40,-7,-9,-38,-25,11
Piedmont,IT-21,ChIJZ7GdATt0h0cR_zsS8u24x7w,30/01/2021,-46,-12,-25,-44,-20,11
Piedmont,IT-21,ChIJZ7GdATt0h0cR_zsS8u24x7w,31/01/2021,-56,-30,-7,-43,-19,9
Piedmont,IT-21,ChIJZ7GdATt0h0cR_zsS8u24x7w,01/02/2021,-27,-11,-20,-39,-24,9
Piedmont,IT-21,ChIJZ7GdATt0h0cR_zsS8u24x7w,02/02/2021,-26,-8,-8,-38,-25,8
Piedmont,IT-21,ChIJZ7GdATt0h0cR_zsS8u24x7w,03/02/2021,-29,-10,-27,-40,-23,9
Piedmont,IT-21,ChIJZ7GdATt0h0cR_zsS8u24x7w,04/02/2021,-29,-8,-21,-39,-24,9
Piedmont,IT-21,ChIJZ7GdATt0h0cR_zsS8u24x7w,05/02/2021,-31,-6,-17,-37,-23,10
Piedmont,IT-21,ChIJZ7GdATt0h0cR_zsS8u24x7w,06/02/2021,-38,-12,-35,-41,-19,9
Piedmont,IT-21,ChIJZ7GdATt0h0cR_zsS8u24x7w,07/02/2021,-49,-33,-47,-49,-19,9
Piedmont,IT-21,ChIJZ7GdATt0h0cR_zsS8u24x7w,08/02/2021,-26,-11,-3,-36,-24,8
Piedmont,IT-21,ChIJZ7GdATt0h0cR_zsS8u24x7w,09/02/2021,-25,-6,0,-36,-23,8
Piedmont,IT-21,ChIJZ7GdATt0h0cR_zsS8u24x7w,10/02/2021,-26,-5,-14,-38,-22,9
Piedmont,IT-21,ChIJZ7GdATt0h0cR_zsS8u24x7w,11/02/2021,-25,-2,4,-34,-22,8
Piedmont,IT-21,ChIJZ7GdATt0h0cR_zsS8u24x7w,12/02/2021,-32,-5,-28,-39,-22,11
Piedmont,IT-21,ChIJZ7GdATt0h0cR_zsS8u24x7w,13/02/2021,-38,-12,-39,-45,-20,10
Piedmont,IT-21,ChIJZ7GdATt0h0cR_zsS8u24x7w,14/02/2021,-36,-24,2,-34,-15,5
Piedmont,IT-21,ChIJZ7GdATt0h0cR_zsS8u24x7w,15/02/2021,-25,-10,-5,-41,-32,10
Piedmont,IT-21,ChIJZ7GdATt0h0cR_zsS8u24x7w,16/02/2021,-24,-5,3,-39,-32,10
Piedmont,IT-21,ChIJZ7GdATt0h0cR_zsS8u24x7w,17/02/2021,-26,-5,7,-38,-29,10
Piedmont,IT-21,ChIJZ7GdATt0h0cR_zsS8u24x7w,18/02/2021,-29,-4,-17,-36,-22,9
Piedmont,IT-21,ChIJZ7GdATt0h0cR_zsS8u24x7w,19/02/2021,-30,-2,-3,-35,-22,10
Piedmont,IT-21,ChIJZ7GdATt0h0cR_zsS8u24x7w,20/02/2021,-34,-7,-3,-35,-17,8
Piedmont,IT-21,ChIJZ7GdATt0h0cR_zsS8u24x7w,21/02/2021,-40,-27,6,-35,-15,5
Piedmont,IT-21,ChIJZ7GdATt0h0cR_zsS8u24x7w,22/02/2021,-28,-8,-9,-37,-22,9
Piedmont,IT-21,ChIJZ7GdATt0h0cR_zsS8u24x7w,23/02/2021,-25,-3,16,-34,-22,8
Piedmont,IT-21,ChIJZ7GdATt0h0cR_zsS8u24x7w,24/02/2021,-24,-3,15,-34,-20,8
Piedmont,IT-21,ChIJZ7GdATt0h0cR_zsS8u24x7w,25/02/2021,-24,-2,20,-32,-21,8
Piedmont,IT-21,ChIJZ7GdATt0h0cR_zsS8u24x7w,26/02/2021,-26,1,28,-31,-21,8
Piedmont,IT-21,ChIJZ7GdATt0h0cR_zsS8u24x7w,27/02/2021,-30,-4,19,-29,-16,6
Piedmont,IT-21,ChIJZ7GdATt0h0cR_zsS8u24x7w,28/02/2021,-34,-21,30,-26,-13,3
Piedmont,IT-21,ChIJZ7GdATt0h0cR_zsS8u24x7w,01/03/2021,-36,-3,10,-36,-22,9
Piedmont,IT-21,ChIJZ7GdATt0h0cR_zsS8u24x7w,02/03/2021,-34,0,16,-35,-23,9
Piedmont,IT-21,ChIJZ7GdATt0h0cR_zsS8u24x7w,03/03/2021,-37,-1,-5,-38,-22,10
Piedmont,IT-21,ChIJZ7GdATt0h0cR_zsS8u24x7w,04/03/2021,-36,1,2,-36,-23,10
Piedmont,IT-21,ChIJZ7GdATt0h0cR_zsS8u24x7w,05/03/2021,-38,2,15,-35,-22,11
Piedmont,IT-21,ChIJZ7GdATt0h0cR_zsS8u24x7w,06/03/2021,-52,-11,-50,-52,-22,14
Piedmont,IT-21,ChIJZ7GdATt0h0cR_zsS8u24x7w,07/03/2021,-61,-30,-21,-48,-21,11
Piedmont,IT-21,ChIJZ7GdATt0h0cR_zsS8u24x7w,08/03/2021,-36,-4,1,-44,-29,11
Piedmont,IT-21,ChIJZ7GdATt0h0cR_zsS8u24x7w,09/03/2021,-39,-4,-11,-45,-29,12
Piedmont,IT-21,ChIJZ7GdATt0h0cR_zsS8u24x7w,10/03/2021,-37,-2,6,-43,-28,12
Piedmont,IT-21,ChIJZ7GdATt0h0cR_zsS8u24x7w,11/03/2021,-37,-1,-7,-42,-28,12
Piedmont,IT-21,ChIJZ7GdATt0h0cR_zsS8u24x7w,12/03/2021,-37,3,8,-40,-28,13
Piedmont,IT-21,ChIJZ7GdATt0h0cR_zsS8u24x7w,13/03/2021,-42,-4,5,-40,-20,10
Piedmont,IT-21,ChIJZ7GdATt0h0cR_zsS8u24x7w,14/03/2021,-59,-29,-23,-48,-19,11
Piedmont,IT-21,ChIJZ7GdATt0h0cR_zsS8u24x7w,15/03/2021,-54,-21,-29,-54,-33,16
Piedmont,IT-21,ChIJZ7GdATt0h0cR_zsS8u24x7w,16/03/2021,-51,-12,-16,-52,-34,16
Piedmont,IT-21,ChIJZ7GdATt0h0cR_zsS8u24x7w,17/03/2021,-51,-10,-17,-51,-32,16
Piedmont,IT-21,ChIJZ7GdATt0h0cR_zsS8u24x7w,18/03/2021,-50,-8,-24,-51,-33,16
Piedmont,IT-21,ChIJZ7GdATt0h0cR_zsS8u24x7w,19/03/2021,-50,-6,-27,-52,-33,18
Piedmont,IT-21,ChIJZ7GdATt0h0cR_zsS8u24x7w,20/03/2021,-58,-14,-24,-55,-27,15
Piedmont,IT-21,ChIJZ7GdATt0h0cR_zsS8u24x7w,21/03/2021,-69,-36,-33,-59,-26,14
Piedmont,IT-21,ChIJZ7GdATt0h0cR_zsS8u24x7w,22/03/2021,-46,-11,-7,-50,-32,14
Piedmont,IT-21,ChIJZ7GdATt0h0cR_zsS8u24x7w,23/03/2021,-45,-6,1,-48,-32,14
Piedmont,IT-21,ChIJZ7GdATt0h0cR_zsS8u24x7w,24/03/2021,-47,-6,4,-49,-31,14
Piedmont,IT-21,ChIJZ7GdATt0h0cR_zsS8u24x7w,25/03/2021,-47,-5,1,-48,-32,15
Piedmont,IT-21,ChIJZ7GdATt0h0cR_zsS8u24x7w,26/03/2021,-49,-3,-3,-49,-32,16
Piedmont,IT-21,ChIJZ7GdATt0h0cR_zsS8u24x7w,27/03/2021,-54,-8,-18,-51,-25,14
Piedmont,IT-21,ChIJZ7GdATt0h0cR_zsS8u24x7w,28/03/2021,-65,-33,-12,-53,-21,12
Piedmont,IT-21,ChIJZ7GdATt0h0cR_zsS8u24x7w,29/03/2021,-43,-8,13,-47,-30,13
Piedmont,IT-21,ChIJZ7GdATt0h0cR_zsS8u24x7w,30/03/2021,-42,-1,20,-46,-31,13
Piedmont,IT-21,ChIJZ7GdATt0h0cR_zsS8u24x7w,31/03/2021,-41,2,20,-45,-30,13
Piedmont,IT-21,ChIJZ7GdATt0h0cR_zsS8u24x7w,01/04/2021,-39,11,22,-44,-33,12
Piedmont,IT-21,ChIJZ7GdATt0h0cR_zsS8u24x7w,02/04/2021,-41,20,26,-45,-36,15
Piedmont,IT-21,ChIJZ7GdATt0h0cR_zsS8u24x7w,03/04/2021,-50,8,-14,-49,-31,12
Piedmont,IT-21,ChIJZ7GdATt0h0cR_zsS8u24x7w,04/04/2021,-77,-68,-31,-58,-24,10
Piedmont,IT-21,ChIJZ7GdATt0h0cR_zsS8u24x7w,05/04/2021,-75,-79,33,-68,-84,24
Piedmont,IT-21,ChIJZ7GdATt0h0cR_zsS8u24x7w,06/04/2021,-45,-1,-8,-48,-36,13
Piedmont,IT-21,ChIJZ7GdATt0h0cR_zsS8u24x7w,07/04/2021,-45,-2,-9,-46,-28,13
Piedmont,IT-21,ChIJZ7GdATt0h0cR_zsS8u24x7w,08/04/2021,-43,0,4,-44,-27,13
Piedmont,IT-21,ChIJZ7GdATt0h0cR_zsS8u24x7w,09/04/2021,-45,1,2,-44,-27,14
Piedmont,IT-21,ChIJZ7GdATt0h0cR_zsS8u24x7w,10/04/2021,-54,-8,-38,-52,-24,14
Piedmont,IT-21,ChIJZ7GdATt0h0cR_zsS8u24x7w,11/04/2021,-68,-35,-48,-56,-24,14
Piedmont,IT-21,ChIJZ7GdATt0h0cR_zsS8u24x7w,12/04/2021,-37,-4,-19,-40,-23,11
Piedmont,IT-21,ChIJZ7GdATt0h0cR_zsS8u24x7w,13/04/2021,-32,4,25,-35,-22,9
Piedmont,IT-21,ChIJZ7GdATt0h0cR_zsS8u24x7w,14/04/2021,-34,3,5,-36,-21,9
Piedmont,IT-21,ChIJZ7GdATt0h0cR_zsS8u24x7w,15/04/2021,-37,1,-22,-39,-22,11
Piedmont,IT-21,ChIJZ7GdATt0h0cR_zsS8u24x7w,16/04/2021,-39,4,-12,-38,-21,12
Piedmont,IT-21,ChIJZ7GdATt0h0cR_zsS8u24x7w,17/04/2021,-40,-1,12,-34,-17,9
Piedmont,IT-21,ChIJZ7GdATt0h0cR_zsS8u24x7w,18/04/2021,-56,-25,-10,-41,-18,10
Piedmont,IT-21,ChIJZ7GdATt0h0cR_zsS8u24x7w,19/04/2021,-31,-1,23,-33,-20,8
Piedmont,IT-21,ChIJZ7GdATt0h0cR_zsS8u24x7w,20/04/2021,-30,5,36,-32,-20,8
Piedmont,IT-21,ChIJZ7GdATt0h0cR_zsS8u24x7w,21/04/2021,-33,2,-8,-36,-19,9
Piedmont,IT-21,ChIJZ7GdATt0h0cR_zsS8u24x7w,22/04/2021,-30,5,33,-32,-19,8
Piedmont,IT-21,ChIJZ7GdATt0h0cR_zsS8u24x7w,23/04/2021,-33,7,39,-31,-19,9
Piedmont,IT-21,ChIJZ7GdATt0h0cR_zsS8u24x7w,24/04/2021,-37,1,32,-32,-14,7
Piedmont,IT-21,ChIJZ7GdATt0h0cR_zsS8u24x7w,25/04/2021,-50,-23,28,-34,-16,6
Piedmont,IT-21,ChIJZ7GdATt0h0cR_zsS8u24x7w,26/04/2021,-28,-1,-15,-35,-19,8
Piedmont,IT-21,ChIJZ7GdATt0h0cR_zsS8u24x7w,27/04/2021,-25,6,0,-32,-19,8
Piedmont,IT-21,ChIJZ7GdATt0h0cR_zsS8u24x7w,28/04/2021,-26,4,-8,-31,-18,8
Piedmont,IT-21,ChIJZ7GdATt0h0cR_zsS8u24x7w,29/04/2021,-27,5,-15,-33,-18,8
Piedmont,IT-21,ChIJZ7GdATt0h0cR_zsS8u24x7w,30/04/2021,-25,23,8,-29,-19,8
Piedmont,IT-21,ChIJZ7GdATt0h0cR_zsS8u24x7w,01/05/2021,-59,-53,-35,-49,-49,14
Piedmont,IT-21,ChIJZ7GdATt0h0cR_zsS8u24x7w,02/05/2021,-30,-5,42,-18,-12,2
Piedmont,IT-21,ChIJZ7GdATt0h0cR_zsS8u24x7w,03/05/2021,-17,10,36,-27,-18,5
Piedmont,IT-21,ChIJZ7GdATt0h0cR_zsS8u24x7w,04/05/2021,-18,11,36,-26,-18,6
Piedmont,IT-21,ChIJZ7GdATt0h0cR_zsS8u24x7w,05/05/2021,-18,8,34,-26,-16,5
Piedmont,IT-21,ChIJZ7GdATt0h0cR_zsS8u24x7w,06/05/2021,-19,8,33,-26,-17,6
Piedmont,IT-21,ChIJZ7GdATt0h0cR_zsS8u24x7w,07/05/2021,-20,9,45,-23,-16,6
Piedmont,IT-21,ChIJZ7GdATt0h0cR_zsS8u24x7w,08/05/2021,-24,0,43,-20,-13,3
Piedmont,IT-21,ChIJZ7GdATt0h0cR_zsS8u24x7w,09/05/2021,-31,-16,26,-18,-9,1
Piedmont,IT-21,ChIJZ7GdATt0h0cR_zsS8u24x7w,10/05/2021,-29,-4,-24,-34,-19,8
Piedmont,IT-21,ChIJZ7GdATt0h0cR_zsS8u24x7w,11/05/2021,-26,4,-17,-33,-18,8
Piedmont,IT-21,ChIJZ7GdATt0h0cR_zsS8u24x7w,12/05/2021,-17,8,36,-25,-16,5
Piedmont,IT-21,ChIJZ7GdATt0h0cR_zsS8u24x7w,13/05/2021,-17,8,38,-24,-17,6
Piedmont,IT-21,ChIJZ7GdATt0h0cR_zsS8u24x7w,14/05/2021,-25,6,7,-27,-17,8
Piedmont,IT-21,ChIJZ7GdATt0h0cR_zsS8u24x7w,15/05/2021,-25,1,23,-23,-14,4
Piedmont,IT-21,ChIJZ7GdATt0h0cR_zsS8u24x7w,16/05/2021,-31,-18,32,-20,-11,2
Piedmont,IT-21,ChIJZ7GdATt0h0cR_zsS8u24x7w,17/05/2021,-18,3,30,-26,-17,5
Piedmont,IT-21,ChIJZ7GdATt0h0cR_zsS8u24x7w,18/05/2021,-16,8,38,-24,-16,5
Piedmont,IT-21,ChIJZ7GdATt0h0cR_zsS8u24x7w,19/05/2021,-15,8,39,-24,-15,5
Piedmont,IT-21,ChIJZ7GdATt0h0cR_zsS8u24x7w,20/05/2021,-14,9,51,-27,-15,4
Piedmont,IT-21,ChIJZ7GdATt0h0cR_zsS8u24x7w,21/05/2021,-18,9,36,-25,-15,5
Piedmont,IT-21,ChIJZ7GdATt0h0cR_zsS8u24x7w,22/05/2021,-19,2,26,-22,-10,3
Piedmont,IT-21,ChIJZ7GdATt0h0cR_zsS8u24x7w,23/05/2021,-20,-16,59,-15,-5,0
Piedmont,IT-21,ChIJZ7GdATt0h0cR_zsS8u24x7w,24/05/2021,-23,2,-8,-32,-17,7
Piedmont,IT-21,ChIJZ7GdATt0h0cR_zsS8u24x7w,25/05/2021,-13,9,55,-25,-15,4
Piedmont,IT-21,ChIJZ7GdATt0h0cR_zsS8u24x7w,26/05/2021,-13,9,47,-25,-14,4
Piedmont,IT-21,ChIJZ7GdATt0h0cR_zsS8u24x7w,27/05/2021,-12,9,52,-24,-14,4
Piedmont,IT-21,ChIJZ7GdATt0h0cR_zsS8u24x7w,28/05/2021,-14,10,61,-21,-15,4
Piedmont,IT-21,ChIJZ7GdATt0h0cR_zsS8u24x7w,29/05/2021,-17,1,46,-17,-9,1
Piedmont,IT-21,ChIJZ7GdATt0h0cR_zsS8u24x7w,30/05/2021,-19,-11,41,-18,-5,0
Piedmont,IT-21,ChIJZ7GdATt0h0cR_zsS8u24x7w,31/05/2021,-11,9,51,-26,-17,4
Piedmont,IT-21,ChIJZ7GdATt0h0cR_zsS8u24x7w,01/06/2021,-1,24,70,-21,-18,2
Piedmont,IT-21,ChIJZ7GdATt0h0cR_zsS8u24x7w,02/06/2021,-12,-15,118,-43,-77,16
Piedmont,IT-21,ChIJZ7GdATt0h0cR_zsS8u24x7w,03/06/2021,-10,15,52,-23,-16,4
Piedmont,IT-21,ChIJZ7GdATt0h0cR_zsS8u24x7w,04/06/2021,-13,10,58,-22,-15,4
Piedmont,IT-21,ChIJZ7GdATt0h0cR_zsS8u24x7w,05/06/2021,-15,1,40,-19,-8,1
Piedmont,IT-21,ChIJZ7GdATt0h0cR_zsS8u24x7w,06/06/2021,-16,-11,55,-12,-3,-1
Piedmont,IT-21,ChIJZ7GdATt0h0cR_zsS8u24x7w,07/06/2021,-15,5,11,-27,-14,4
Piedmont,IT-21,ChIJZ7GdATt0h0cR_zsS8u24x7w,08/06/2021,-8,14,38,-23,-14,4
Piedmont,IT-21,ChIJZ7GdATt0h0cR_zsS8u24x7w,09/06/2021,-6,13,57,-23,-13,3
Piedmont,IT-21,ChIJZ7GdATt0h0cR_zsS8u24x7w,10/06/2021,-5,13,61,-21,-14,2
Piedmont,IT-21,ChIJZ7GdATt0h0cR_zsS8u24x7w,11/06/2021,-8,12,76,-19,-14,2
Piedmont,IT-21,ChIJZ7GdATt0h0cR_zsS8u24x7w,12/06/2021,-14,0,56,-17,-10,-1
Piedmont,IT-21,ChIJZ7GdATt0h0cR_zsS8u24x7w,13/06/2021,-19,-10,47,-11,-6,-4
Piedmont,IT-21,ChIJZ7GdATt0h0cR_zsS8u24x7w,14/06/2021,-9,9,52,-27,-23,3
Piedmont,IT-21,ChIJZ7GdATt0h0cR_zsS8u24x7w,15/06/2021,-5,13,59,-26,-22,3
Piedmont,IT-21,ChIJZ7GdATt0h0cR_zsS8u24x7w,16/06/2021,-7,11,42,-27,-22,3
Piedmont,IT-21,ChIJZ7GdATt0h0cR_zsS8u24x7w,17/06/2021,-8,9,48,-26,-23,3
Piedmont,IT-21,ChIJZ7GdATt0h0cR_zsS8u24x7w,18/06/2021,-11,6,67,-25,-23,2
Piedmont,IT-21,ChIJZ7GdATt0h0cR_zsS8u24x7w,19/06/2021,-16,-4,54,-16,-12,-3
Piedmont,IT-21,ChIJZ7GdATt0h0cR_zsS8u24x7w,20/06/2021,-25,-14,10,-19,-8,-2
Piedmont,IT-21,ChIJZ7GdATt0h0cR_zsS8u24x7w,21/06/2021,-12,3,30,-28,-24,3
Piedmont,IT-21,ChIJZ7GdATt0h0cR_zsS8u24x7w,22/06/2021,-11,5,32,-27,-24,3
Piedmont,IT-21,ChIJZ7GdATt0h0cR_zsS8u24x7w,23/06/2021,-8,10,39,-27,-22,2
Piedmont,IT-21,ChIJZ7GdATt0h0cR_zsS8u24x7w,24/06/2021,-7,5,54,-32,-34,4
Piedmont,IT-21,ChIJZ7GdATt0h0cR_zsS8u24x7w,25/06/2021,-9,7,74,-26,-27,2
Piedmont,IT-21,ChIJZ7GdATt0h0cR_zsS8u24x7w,26/06/2021,-18,-5,47,-18,-12,-3
Piedmont,IT-21,ChIJZ7GdATt0h0cR_zsS8u24x7w,27/06/2021,-19,-14,43,-10,-5,-5
Piedmont,IT-21,ChIJZ7GdATt0h0cR_zsS8u24x7w,28/06/2021,-8,7,51,-26,-25,2
Piedmont,IT-21,ChIJZ7GdATt0h0cR_zsS8u24x7w,29/06/2021,-8,9,50,-27,-25,1
Piedmont,IT-21,ChIJZ7GdATt0h0cR_zsS8u24x7w,30/06/2021,-5,9,61,-26,-23,0
Piedmont,IT-21,ChIJZ7GdATt0h0cR_zsS8u24x7w,01/07/2021,-5,10,63,-23,-24,1
Piedmont,IT-21,ChIJZ7GdATt0h0cR_zsS8u24x7w,02/07/2021,-13,7,60,-24,-24,2
Piedmont,IT-21,ChIJZ7GdATt0h0cR_zsS8u24x7w,03/07/2021,-15,-4,42,-16,-12,-2
Piedmont,IT-21,ChIJZ7GdATt0h0cR_zsS8u24x7w,04/07/2021,-14,-7,25,-11,-3,-3
Piedmont,IT-21,ChIJZ7GdATt0h0cR_zsS8u24x7w,05/07/2021,-7,6,58,-25,-25,2
Piedmont,IT-21,ChIJZ7GdATt0h0cR_zsS8u24x7w,06/07/2021,-7,10,53,-25,-25,2
Piedmont,IT-21,ChIJZ7GdATt0h0cR_zsS8u24x7w,07/07/2021,-10,5,35,-27,-24,3
Piedmont,IT-21,ChIJZ7GdATt0h0cR_zsS8u24x7w,08/07/2021,-16,-1,9,-31,-26,5
Piedmont,IT-21,ChIJZ7GdATt0h0cR_zsS8u24x7w,09/07/2021,-8,6,75,-21,-24,1
Piedmont,IT-21,ChIJZ7GdATt0h0cR_zsS8u24x7w,10/07/2021,-14,-4,54,-14,-11,-4
Piedmont,IT-21,ChIJZ7GdATt0h0cR_zsS8u24x7w,11/07/2021,-18,-7,43,-4,0,-7
Piedmont,IT-21,ChIJZ7GdATt0h0cR_zsS8u24x7w,12/07/2021,-11,1,54,-25,-27,2
Piedmont,IT-21,ChIJZ7GdATt0h0cR_zsS8u24x7w,13/07/2021,-15,1,10,-32,-27,5
Piedmont,IT-21,ChIJZ7GdATt0h0cR_zsS8u24x7w,14/07/2021,-2,11,59,-23,-24,1
Piedmont,IT-21,ChIJZ7GdATt0h0cR_zsS8u24x7w,15/07/2021,-4,8,51,-24,-25,2
Piedmont,IT-21,ChIJZ7GdATt0h0cR_zsS8u24x7w,16/07/2021,-10,4,58,-24,-24,2
Piedmont,IT-21,ChIJZ7GdATt0h0cR_zsS8u24x7w,17/07/2021,-13,-6,57,-13,-10,-4
Piedmont,IT-21,ChIJZ7GdATt0h0cR_zsS8u24x7w,18/07/2021,-17,-14,42,-7,0,-6
Piedmont,IT-21,ChIJZ7GdATt0h0cR_zsS8u24x7w,19/07/2021,-9,4,53,-26,-27,2
Piedmont,IT-21,ChIJZ7GdATt0h0cR_zsS8u24x7w,20/07/2021,-5,8,71,-24,-26,1
Piedmont,IT-21,ChIJZ7GdATt0h0cR_zsS8u24x7w,21/07/2021,-5,7,60,-26,-24,1
Piedmont,IT-21,ChIJZ7GdATt0h0cR_zsS8u24x7w,22/07/2021,-6,5,61,-25,-25,1
Piedmont,IT-21,ChIJZ7GdATt0h0cR_zsS8u24x7w,23/07/2021,-11,3,65,-24,-25,1
Piedmont,IT-21,ChIJZ7GdATt0h0cR_zsS8u24x7w,24/07/2021,-17,-8,39,-18,-10,-3
Piedmont,IT-21,ChIJZ7GdATt0h0cR_zsS8u24x7w,25/07/2021,-20,-13,14,-17,1,-3
Piedmont,IT-21,ChIJZ7GdATt0h0cR_zsS8u24x7w,26/07/2021,-9,5,40,-29,-27,2
Piedmont,IT-21,ChIJZ7GdATt0h0cR_zsS8u24x7w,27/07/2021,-8,6,38,-28,-26,3
Piedmont,IT-21,ChIJZ7GdATt0h0cR_zsS8u24x7w,28/07/2021,-4,8,56,-28,-25,2
Piedmont,IT-21,ChIJZ7GdATt0h0cR_zsS8u24x7w,29/07/2021,-5,4,62,-27,-26,1
Piedmont,IT-21,ChIJZ7GdATt0h0cR_zsS8u24x7w,30/07/2021,-12,1,44,-28,-26,2
Piedmont,IT-21,ChIJZ7GdATt0h0cR_zsS8u24x7w,31/07/2021,-21,-9,9,-22,-12,-1
Piedmont,IT-21,ChIJZ7GdATt0h0cR_zsS8u24x7w,01/08/2021,-19,-10,14,-15,1,-3
Piedmont,IT-21,ChIJZ7GdATt0h0cR_zsS8u24x7w,02/08/2021,-6,6,63,-28,-34,2
Piedmont,IT-21,ChIJZ7GdATt0h0cR_zsS8u24x7w,03/08/2021,-7,8,56,-31,-35,3
Piedmont,IT-21,ChIJZ7GdATt0h0cR_zsS8u24x7w,04/08/2021,-9,7,29,-35,-34,4
Piedmont,IT-21,ChIJZ7GdATt0h0cR_zsS8u24x7w,05/08/2021,-6,4,69,-29,-35,2
Piedmont,IT-21,ChIJZ7GdATt0h0cR_zsS8u24x7w,06/08/2021,-15,1,65,-31,-36,3
Piedmont,IT-21,ChIJZ7GdATt0h0cR_zsS8u24x7w,07/08/2021,-26,-11,17,-26,-21,-2
Piedmont,IT-21,ChIJZ7GdATt0h0cR_zsS8u24x7w,08/08/2021,-25,-19,35,-16,-1,-5
Piedmont,IT-21,ChIJZ7GdATt0h0cR_zsS8u24x7w,09/08/2021,-14,2,75,-36,-54,5
Piedmont,IT-21,ChIJZ7GdATt0h0cR_zsS8u24x7w,10/08/2021,-12,3,91,-36,-54,5
Piedmont,IT-21,ChIJZ7GdATt0h0cR_zsS8u24x7w,11/08/2021,-15,0,78,-38,-54,5
Piedmont,IT-21,ChIJZ7GdATt0h0cR_zsS8u24x7w,12/08/2021,-18,-1,66,-39,-56,6
Piedmont,IT-21,ChIJZ7GdATt0h0cR_zsS8u24x7w,13/08/2021,-25,-2,65,-40,-56,7
Piedmont,IT-21,ChIJZ7GdATt0h0cR_zsS8u24x7w,14/08/2021,-35,-14,27,-31,-34,-1
Piedmont,IT-21,ChIJZ7GdATt0h0cR_zsS8u24x7w,15/08/2021,-45,-48,24,-21,-15,-8
Piedmont,IT-21,ChIJZ7GdATt0h0cR_zsS8u24x7w,16/08/2021,-22,-6,69,-40,-64,6
Piedmont,IT-21,ChIJZ7GdATt0h0cR_zsS8u24x7w,17/08/2021,-19,-2,89,-39,-62,7
Piedmont,IT-21,ChIJZ7GdATt0h0cR_zsS8u24x7w,18/08/2021,-20,-3,81,-40,-58,7
Piedmont,IT-21,ChIJZ7GdATt0h0cR_zsS8u24x7w,19/08/2021,-20,-3,72,-39,-58,7
Piedmont,IT-21,ChIJZ7GdATt0h0cR_zsS8u24x7w,20/08/2021,-26,-7,70,-39,-57,8
Piedmont,IT-21,ChIJZ7GdATt0h0cR_zsS8u24x7w,21/08/2021,-32,-20,35,-27,-30,-2
Piedmont,IT-21,ChIJZ7GdATt0h0cR_zsS8u24x7w,22/08/2021,-30,-21,23,-18,3,-4
Piedmont,IT-21,ChIJZ7GdATt0h0cR_zsS8u24x7w,23/08/2021,-17,1,57,-37,-47,5
Piedmont,IT-21,ChIJZ7GdATt0h0cR_zsS8u24x7w,24/08/2021,-15,3,59,-37,-45,6
Piedmont,IT-21,ChIJZ7GdATt0h0cR_zsS8u24x7w,25/08/2021,-14,3,61,-36,-43,5
Piedmont,IT-21,ChIJZ7GdATt0h0cR_zsS8u24x7w,26/08/2021,-15,0,64,-34,-42,5
Piedmont,IT-21,ChIJZ7GdATt0h0cR_zsS8u24x7w,27/08/2021,-19,1,56,-33,-41,5
Piedmont,IT-21,ChIJZ7GdATt0h0cR_zsS8u24x7w,28/08/2021,-20,-8,39,-19,-19,-2
Piedmont,IT-21,ChIJZ7GdATt0h0cR_zsS8u24x7w,29/08/2021,-20,-12,40,-10,5,-5
Piedmont,IT-21,ChIJZ7GdATt0h0cR_zsS8u24x7w,30/08/2021,-9,8,59,-29,-32,3
Piedmont,IT-21,ChIJZ7GdATt0h0cR_zsS8u24x7w,31/08/2021,-7,12,60,-28,-31,4
Piedmont,IT-21,ChIJZ7GdATt0h0cR_zsS8u24x7w,01/09/2021,-6,11,59,-27,-28,3
Piedmont,IT-21,ChIJZ7GdATt0h0cR_zsS8u24x7w,02/09/2021,-7,10,55,-28,-28,3
Piedmont,IT-21,ChIJZ7GdATt0h0cR_zsS8u24x7w,03/09/2021,-11,8,61,-25,-27,3
Piedmont,IT-21,ChIJZ7GdATt0h0cR_zsS8u24x7w,04/09/2021,-13,-1,51,-14,-13,-2
Piedmont,IT-21,ChIJZ7GdATt0h0cR_zsS8u24x7w,05/09/2021,-14,-7,49,-6,3,-4
Piedmont,IT-21,ChIJZ7GdATt0h0cR_zsS8u24x7w,06/09/2021,-6,10,63,-24,-27,3
Piedmont,IT-21,ChIJZ7GdATt0h0cR_zsS8u24x7w,07/09/2021,-3,13,69,-23,-26,3
Piedmont,IT-21,ChIJZ7GdATt0h0cR_zsS8u24x7w,08/09/2021,-4,13,58,-23,-25,3
Piedmont,IT-21,ChIJZ7GdATt0h0cR_zsS8u24x7w,09/09/2021,-4,12,57,-22,-25,2
Piedmont,IT-21,ChIJZ7GdATt0h0cR_zsS8u24x7w,10/09/2021,-8,9,63,-21,-25,3
Piedmont,IT-21,ChIJZ7GdATt0h0cR_zsS8u24x7w,11/09/2021,-9,1,65,-9,-11,-3
Piedmont,IT-21,ChIJZ7GdATt0h0cR_zsS8u24x7w,12/09/2021,-11,-2,56,-4,3,-3
Piedmont,IT-21,ChIJZ7GdATt0h0cR_zsS8u24x7w,13/09/2021,0,16,61,-16,-27,2
Piedmont,IT-21,ChIJZ7GdATt0h0cR_zsS8u24x7w,14/09/2021,-1,18,62,-13,-26,2
Piedmont,IT-21,ChIJZ7GdATt0h0cR_zsS8u24x7w,15/09/2021,-3,17,37,-15,-24,2
Piedmont,IT-21,ChIJZ7GdATt0h0cR_zsS8u24x7w,16/09/2021,-6,13,36,-16,-26,1
Piedmont,IT-21,ChIJZ7GdATt0h0cR_zsS8u24x7w,17/09/2021,-5,10,64,-15,-25,1
Piedmont,IT-21,ChIJZ7GdATt0h0cR_zsS8u24x7w,18/09/2021,-10,3,38,-11,-11,-1
Piedmont,IT-21,ChIJZ7GdATt0h0cR_zsS8u24x7w,19/09/2021,-13,-4,24,-9,-1,-1
Piedmont,IT-21,ChIJZ7GdATt0h0cR_zsS8u24x7w,20/09/2021,-4,12,41,-16,-25,2
Piedmont,IT-21,ChIJZ7GdATt0h0cR_zsS8u24x7w,21/09/2021,-2,16,57,-15,-24,1
Piedmont,IT-21,ChIJZ7GdATt0h0cR_zsS8u24x7w,22/09/2021,-2,15,51,-16,-20,1
Piedmont,IT-21,ChIJZ7GdATt0h0cR_zsS8u24x7w,23/09/2021,-4,13,47,-15,-21,2
Piedmont,IT-21,ChIJZ7GdATt0h0cR_zsS8u24x7w,24/09/2021,-5,12,75,-13,-21,1
Piedmont,IT-21,ChIJZ7GdATt0h0cR_zsS8u24x7w,25/09/2021,-9,4,55,-9,-10,-1
Piedmont,IT-21,ChIJZ7GdATt0h0cR_zsS8u24x7w,26/09/2021,-21,-6,-16,-22,-4,3
Piedmont,IT-21,ChIJZ7GdATt0h0cR_zsS8u24x7w,27/09/2021,-4,13,43,-15,-20,2
Piedmont,IT-21,ChIJZ7GdATt0h0cR_zsS8u24x7w,28/09/2021,-3,14,50,-14,-20,1
Piedmont,IT-21,ChIJZ7GdATt0h0cR_zsS8u24x7w,29/09/2021,-4,13,43,-18,-20,2
Piedmont,IT-21,ChIJZ7GdATt0h0cR_zsS8u24x7w,30/09/2021,-5,12,41,-17,-19,1
Piedmont,IT-21,ChIJZ7GdATt0h0cR_zsS8u24x7w,01/10/2021,-8,13,38,-17,-19,2
Piedmont,IT-21,ChIJZ7GdATt0h0cR_zsS8u24x7w,02/10/2021,-10,4,34,-13,-11,-1
Piedmont,IT-21,ChIJZ7GdATt0h0cR_zsS8u24x7w,03/10/2021,-19,-2,-8,-16,-6,2
Piedmont,IT-21,ChIJZ7GdATt0h0cR_zsS8u24x7w,04/10/2021,-15,5,-13,-25,-22,4
Piedmont,IT-21,ChIJZ7GdATt0h0cR_zsS8u24x7w,05/10/2021,-11,10,5,-25,-22,4
Piedmont,IT-21,ChIJZ7GdATt0h0cR_zsS8u24x7w,06/10/2021,-6,14,34,-20,-18,2
Piedmont,IT-21,ChIJZ7GdATt0h0cR_zsS8u24x7w,07/10/2021,-6,11,38,-19,-18,2
Piedmont,IT-21,ChIJZ7GdATt0h0cR_zsS8u24x7w,08/10/2021,-9,11,43,-18,-18,2
Piedmont,IT-21,ChIJZ7GdATt0h0cR_zsS8u24x7w,09/10/2021,-11,5,26,-16,-11,0
Piedmont,IT-21,ChIJZ7GdATt0h0cR_zsS8u24x7w,10/10/2021,-12,-5,37,-7,-5,-1
Piedmont,IT-21,ChIJZ7GdATt0h0cR_zsS8u24x7w,11/10/2021,-8,11,31,-26,-19,3
Piedmont,IT-21,ChIJZ7GdATt0h0cR_zsS8u24x7w,12/10/2021,-6,14,37,-20,-18,2
Piedmont,IT-21,ChIJZ7GdATt0h0cR_zsS8u24x7w,13/10/2021,-5,16,33,-20,-17,2
Piedmont,IT-21,ChIJZ7GdATt0h0cR_zsS8u24x7w,14/10/2021,-6,18,27,-20,-17,2
Piedmont,IT-21,ChIJZ7GdATt0h0cR_zsS8u24x7w,15/10/2021,-7,16,38,-17,-18,2
Piedmont,IT-21,ChIJZ7GdATt0h0cR_zsS8u24x7w,16/10/2021,-8,7,41,-10,-11,0
Piedmont,IT-21,ChIJZ7GdATt0h0cR_zsS8u24x7w,17/10/2021,-8,-2,42,-1,-5,-1
Piedmont,IT-21,ChIJZ7GdATt0h0cR_zsS8u24x7w,18/10/2021,-7,16,29,-19,-19,3
Piedmont,IT-21,ChIJZ7GdATt0h0cR_zsS8u24x7w,19/10/2021,-6,17,30,-20,-18,3
Piedmont,IT-21,ChIJZ7GdATt0h0cR_zsS8u24x7w,20/10/2021,-7,18,21,-21,-16,3
Piedmont,IT-21,ChIJZ7GdATt0h0cR_zsS8u24x7w,21/10/2021,-8,15,17,-21,-17,3
Piedmont,IT-21,ChIJZ7GdATt0h0cR_zsS8u24x7w,22/10/2021,-8,13,38,-16,-16,2
Piedmont,IT-21,ChIJZ7GdATt0h0cR_zsS8u24x7w,23/10/2021,-10,7,32,-14,-10,0
Piedmont,IT-21,ChIJZ7GdATt0h0cR_zsS8u24x7w,24/10/2021,-15,-3,23,-11,-5,1
Piedmont,IT-21,ChIJZ7GdATt0h0cR_zsS8u24x7w,25/10/2021,-9,14,22,-21,-17,3
Piedmont,IT-21,ChIJZ7GdATt0h0cR_zsS8u24x7w,26/10/2021,-6,15,31,-19,-16,2
Piedmont,IT-21,ChIJZ7GdATt0h0cR_zsS8u24x7w,27/10/2021,-5,18,30,-19,-15,2
Piedmont,IT-21,ChIJZ7GdATt0h0cR_zsS8u24x7w,28/10/2021,-6,17,26,-18,-15,2
Piedmont,IT-21,ChIJZ7GdATt0h0cR_zsS8u24x7w,29/10/2021,-8,18,28,-15,-16,2
Piedmont,IT-21,ChIJZ7GdATt0h0cR_zsS8u24x7w,30/10/2021,-13,10,-2,-17,-13,2
Piedmont,IT-21,ChIJZ7GdATt0h0cR_zsS8u24x7w,31/10/2021,-11,9,-11,-17,-7,2
Piedmont,IT-21,ChIJZ7GdATt0h0cR_zsS8u24x7w,01/11/2021,-22,-21,4,-46,-80,19
Piedmont,IT-21,ChIJZ7GdATt0h0cR_zsS8u24x7w,02/11/2021,-7,23,29,-16,-17,2
Piedmont,IT-21,ChIJZ7GdATt0h0cR_zsS8u24x7w,03/11/2021,-14,13,-15,-25,-14,5
Piedmont,IT-21,ChIJZ7GdATt0h0cR_zsS8u24x7w,04/11/2021,-8,18,17,-20,-14,3
Piedmont,IT-21,ChIJZ7GdATt0h0cR_zsS8u24x7w,05/11/2021,-10,14,21,-19,-13,3
Piedmont,IT-21,ChIJZ7GdATt0h0cR_zsS8u24x7w,06/11/2021,-9,9,22,-15,-8,1
Piedmont,IT-21,ChIJZ7GdATt0h0cR_zsS8u24x7w,07/11/2021,-13,-3,24,-10,-6,1
Piedmont,IT-21,ChIJZ7GdATt0h0cR_zsS8u24x7w,08/11/2021,-13,12,-2,-24,-15,4
Piedmont,IT-21,ChIJZ7GdATt0h0cR_zsS8u24x7w,09/11/2021,-10,14,5,-23,-15,4
Piedmont,IT-21,ChIJZ7GdATt0h0cR_zsS8u24x7w,10/11/2021,-12,13,-16,-26,-14,5
Piedmont,IT-21,ChIJZ7GdATt0h0cR_zsS8u24x7w,11/11/2021,-10,15,1,-22,-14,4
Piedmont,IT-21,ChIJZ7GdATt0h0cR_zsS8u24x7w,12/11/2021,-11,13,21,-19,-14,4
Piedmont,IT-21,ChIJZ7GdATt0h0cR_zsS8u24x7w,13/11/2021,-11,8,17,-17,-9,2
Piedmont,IT-21,ChIJZ7GdATt0h0cR_zsS8u24x7w,14/11/2021,-23,-5,-28,-25,-9,5
Piedmont,IT-21,ChIJZ7GdATt0h0cR_zsS8u24x7w,15/11/2021,-19,1,-30,-28,-17,6
Piedmont,IT-21,ChIJZ7GdATt0h0cR_zsS8u24x7w,16/11/2021,-7,17,14,-20,-14,3
Piedmont,IT-21,ChIJZ7GdATt0h0cR_zsS8u24x7w,17/11/2021,-9,16,-1,-23,-14,4
Piedmont,IT-21,ChIJZ7GdATt0h0cR_zsS8u24x7w,18/11/2021,-9,14,5,-21,-14,3
Piedmont,IT-21,ChIJZ7GdATt0h0cR_zsS8u24x7w,19/11/2021,-12,13,5,-20,-14,4
Piedmont,IT-21,ChIJZ7GdATt0h0cR_zsS8u24x7w,20/11/2021,-13,7,4,-19,-9,2
Piedmont,IT-21,ChIJZ7GdATt0h0cR_zsS8u24x7w,21/11/2021,-17,-3,-6,-20,-7,3
Piedmont,IT-21,ChIJZ7GdATt0h0cR_zsS8u24x7w,22/11/2021,-13,11,-12,-24,-16,5
Piedmont,IT-21,ChIJZ7GdATt0h0cR_zsS8u24x7w,23/11/2021,-11,13,-5,-24,-15,4
Piedmont,IT-21,ChIJZ7GdATt0h0cR_zsS8u24x7w,24/11/2021,-8,17,8,-22,-13,4
Piedmont,IT-21,ChIJZ7GdATt0h0cR_zsS8u24x7w,25/11/2021,-15,7,-27,-26,-15,5
Piedmont,IT-21,ChIJZ7GdATt0h0cR_zsS8u24x7w,26/11/2021,-7,17,13,-18,-14,4
Piedmont,IT-21,ChIJZ7GdATt0h0cR_zsS8u24x7w,27/11/2021,-10,9,1,-18,-8,2
Piedmont,IT-21,ChIJZ7GdATt0h0cR_zsS8u24x7w,28/11/2021,-12,2,10,-14,-5,2
Piedmont,IT-21,ChIJZ7GdATt0h0cR_zsS8u24x7w,29/11/2021,-10,14,-2,-23,-14,4
Piedmont,IT-21,ChIJZ7GdATt0h0cR_zsS8u24x7w,30/11/2021,-8,16,4,-22,-14,4
Piedmont,IT-21,ChIJZ7GdATt0h0cR_zsS8u24x7w,01/12/2021,-8,21,-2,-23,-13,4
Piedmont,IT-21,ChIJZ7GdATt0h0cR_zsS8u24x7w,02/12/2021,-8,18,-2,-22,-14,4
Piedmont,IT-21,ChIJZ7GdATt0h0cR_zsS8u24x7w,03/12/2021,-10,17,6,-22,-13,4
Piedmont,IT-21,ChIJZ7GdATt0h0cR_zsS8u24x7w,04/12/2021,-13,10,3,-19,-8,3
Piedmont,IT-21,ChIJZ7GdATt0h0cR_zsS8u24x7w,05/12/2021,-13,5,10,-13,-3,2
Piedmont,IT-21,ChIJZ7GdATt0h0cR_zsS8u24x7w,06/12/2021,-5,20,8,-24,-16,4
Piedmont,IT-21,ChIJZ7GdATt0h0cR_zsS8u24x7w,07/12/2021,4,34,22,-20,-16,2
Piedmont,IT-21,ChIJZ7GdATt0h0cR_zsS8u24x7w,08/12/2021,-35,-29,-8,-55,-78,26
Piedmont,IT-21,ChIJZ7GdATt0h0cR_zsS8u24x7w,09/12/2021,-10,23,-10,-25,-15,5
Piedmont,IT-21,ChIJZ7GdATt0h0cR_zsS8u24x7w,10/12/2021,-13,16,-9,-26,-15,6
Piedmont,IT-21,ChIJZ7GdATt0h0cR_zsS8u24x7w,11/12/2021,-12,12,6,-20,-5,3
Piedmont,IT-21,ChIJZ7GdATt0h0cR_zsS8u24x7w,12/12/2021,-13,8,10,-14,3,2
Piedmont,IT-21,ChIJZ7GdATt0h0cR_zsS8u24x7w,13/12/2021,-7,21,-3,-24,-12,4
Piedmont,IT-21,ChIJZ7GdATt0h0cR_zsS8u24x7w,14/12/2021,-4,23,8,-22,-12,4
Piedmont,IT-21,ChIJZ7GdATt0h0cR_zsS8u24x7w,15/12/2021,-1,26,3,-22,-11,3
Piedmont,IT-21,ChIJZ7GdATt0h0cR_zsS8u24x7w,16/12/2021,-2,24,0,-26,-14,4
Piedmont,IT-21,ChIJZ7GdATt0h0cR_zsS8u24x7w,17/12/2021,-6,21,1,-21,-11,4
Piedmont,IT-21,ChIJZ7GdATt0h0cR_zsS8u24x7w,18/12/2021,-8,15,0,-18,-5,2
Piedmont,IT-21,ChIJZ7GdATt0h0cR_zsS8u24x7w,19/12/2021,-7,18,3,-15,7,2
Piedmont,IT-21,ChIJZ7GdATt0h0cR_zsS8u24x7w,20/12/2021,3,30,-1,-24,-13,3
Piedmont,IT-21,ChIJZ7GdATt0h0cR_zsS8u24x7w,21/12/2021,6,37,3,-22,-14,3
Piedmont,IT-21,ChIJZ7GdATt0h0cR_zsS8u24x7w,22/12/2021,6,44,-1,-23,-14,3
Piedmont,IT-21,ChIJZ7GdATt0h0cR_zsS8u24x7w,23/12/2021,10,60,0,-22,-20,3
Piedmont,IT-21,ChIJZ7GdATt0h0cR_zsS8u24x7w,24/12/2021,-11,55,-4,-41,-58,15
Piedmont,IT-21,ChIJZ7GdATt0h0cR_zsS8u24x7w,25/12/2021,-74,-84,-49,-64,-68,10
Piedmont,IT-21,ChIJZ7GdATt0h0cR_zsS8u24x7w,26/12/2021,-51,-50,-24,-36,-28,7
Piedmont,IT-21,ChIJZ7GdATt0h0cR_zsS8u24x7w,27/12/2021,-10,26,-9,-42,-47,13
Piedmont,IT-21,ChIJZ7GdATt0h0cR_zsS8u24x7w,28/12/2021,-9,28,15,-38,-45,12
Piedmont,IT-21,ChIJZ7GdATt0h0cR_zsS8u24x7w,29/12/2021,-10,33,18,-39,-45,12
Piedmont,IT-21,ChIJZ7GdATt0h0cR_zsS8u24x7w,30/12/2021,-10,47,8,-38,-49,13
Piedmont,IT-21,ChIJZ7GdATt0h0cR_zsS8u24x7w,31/12/2021,-26,37,19,-45,-64,17
Piedmont,IT-21,ChIJZ7GdATt0h0cR_zsS8u24x7w,01/01/2022,-70,-83,3,-54,-70,13
Piedmont,IT-21,ChIJZ7GdATt0h0cR_zsS8u24x7w,02/01/2022,-33,-4,-10,-27,-17,6
Piedmont,IT-21,ChIJZ7GdATt0h0cR_zsS8u24x7w,03/01/2022,-19,24,2,-43,-48,14
Piedmont,IT-21,ChIJZ7GdATt0h0cR_zsS8u24x7w,04/01/2022,-20,25,-9,-44,-47,15
Piedmont,IT-21,ChIJZ7GdATt0h0cR_zsS8u24x7w,05/01/2022,-10,42,5,-42,-47,13
Piedmont,IT-21,ChIJZ7GdATt0h0cR_zsS8u24x7w,06/01/2022,-31,-25,36,-55,-81,24
Piedmont,IT-21,ChIJZ7GdATt0h0cR_zsS8u24x7w,07/01/2022,-23,21,9,-45,-56,19
Piedmont,IT-21,ChIJZ7GdATt0h0cR_zsS8u24x7w,08/01/2022,-31,0,-13,-38,-29,9
Piedmont,IT-21,ChIJZ7GdATt0h0cR_zsS8u24x7w,09/01/2022,-36,-11,-24,-35,-12,8
Piedmont,IT-21,ChIJZ7GdATt0h0cR_zsS8u24x7w,10/01/2022,-22,18,-14,-37,-21,9
Piedmont,IT-21,ChIJZ7GdATt0h0cR_zsS8u24x7w,11/01/2022,-21,20,-3,-36,-21,9
Piedmont,IT-21,ChIJZ7GdATt0h0cR_zsS8u24x7w,12/01/2022,-22,18,-9,-37,-21,10
Piedmont,IT-21,ChIJZ7GdATt0h0cR_zsS8u24x7w,13/01/2022,-23,16,-11,-37,-21,10
Piedmont,IT-21,ChIJZ7GdATt0h0cR_zsS8u24x7w,14/01/2022,-25,13,-5,-36,-20,11
